date,year,season,location,sampleID,startTime,microhabitat,quadrat,depth,pH,wTemp,DO,light,flow,turb,cond,nitrate,alkalinity
2019-05-28,2019,Summer,Downstream,01DRSU19.DSR,09:40:00,DSR,1,24,7.46,16.7,10.1,59,0.252,6.5,128.3,NA,NA
2019-05-28,2019,Summer,Downstream,01DRSU19.DSR,09:40:00,DSR,2,21,7.46,17.1,10.1,69,0.121,7.4,127.8,NA,NA
2019-05-28,2019,Summer,Downstream,01DRSU19.DFR,10:19:00,DFR,1,23.6,7.48,16.8,10.24,57,0.092,5,127.4,NA,NA
2019-05-28,2019,Summer,Downstream,01DRSU19.DFR,10:19:00,DFR,2,21.4,7.48,17.2,10.22,55,0.221,8.5,127.4,NA,NA
2019-05-28,2019,Summer,Downstream,01DRSU19.DM,12:08:00,DM,1,25,7.47,16.9,10.27,62,0.284,8,128.1,NA,NA
2019-05-28,2019,Summer,Downstream,01DRSU19.DM,12:08:00,DM,2,20.5,7.47,16.9,10.32,62,0.303,11.8,129,NA,NA
2019-05-28,2019,Summer,Downstream,01DRSU19.DSH,11:05:00,DSH,1,17,7.48,17.1,10.29,31,0.615,9.9,125.3,NA,NA
2019-05-28,2019,Summer,Downstream,01DRSU19.DSH,11:05:00,DSH,2,21.5,7.47,17.1,10.26,44,0.559,10.6,128,NA,NA
2019-05-28,2019,Summer,Downstream,01DRSU19.DSP,11:36:00,DSP,1,11,7.49,16.9,10.31,114,0.448,8.7,127.1,NA,NA
2019-05-28,2019,Summer,Downstream,01DRSU19.DSP,11:36:00,DSP,2,22.5,7.49,16.9,10.32,98,0.191,6.6,127.55,NA,NA
2019-05-30,2019,Summer,Upstream,01URSU19.USR,09:41:00,USR,1,41.5,7.51,13.2,10.98,51,0.082,5.9,120.6,NA,NA
2019-05-30,2019,Summer,Upstream,01URSU19.USR,09:41:00,USR,2,26.5,7.53,13.2,11.06,78,0.133,6.9,119.7,NA,NA
2019-05-30,2019,Summer,Upstream,01URSU19.UFR,10:14:00,UFR,1,36.2,7.55,13.3,11.1,41,0.064,4.5,121.9,NA,NA
2019-05-30,2019,Summer,Upstream,01URSU19.UFR,10:14:00,UFR,2,40.1,7.54,13.3,11.11,38,0.099,4.2,119.7,NA,NA
2019-05-30,2019,Summer,Upstream,01URSU19.UM,10:40:00,UM,1,32,7.56,13.4,NA,129,0.164,6.4,115.8,NA,NA
2019-05-30,2019,Summer,Upstream,01URSU19.UM,10:40:00,UM,2,27.5,7.55,13.4,NA,156,0.486,6.8,117.8,NA,NA
2019-05-30,2019,Summer,Upstream,01URSU19.USH,11:20:00,USH,1,53.5,7.58,13.5,NA,46,0.687,4.5,108.6,NA,NA
2019-05-30,2019,Summer,Upstream,01URSU19.USH,11:20:00,USH,2,32,7.57,13.5,NA,100,0.415,8.6,107.1,NA,NA
2019-05-30,2019,Summer,Upstream,01URSU19.USU,11:45:00,USU,1,25.3,7.58,13.5,NA,73,0.364,5.7,107,NA,NA
2019-05-30,2019,Summer,Upstream,01URSU19.USU,11:45:00,USU,2,23,7.56,13.5,NA,77,0.549,4.5,108.4,NA,NA
2019-05-31,2019,Summer,Upstream,02URSU19.USR,09:36:00,USR,1,34.2,7.54,14.4,10.25,98,0.072,6,122.9,NA,NA
2019-05-31,2019,Summer,Upstream,02URSU19.USR,09:36:00,USR,2,24.5,7.56,14.4,10.29,127,0.174,5.5,120.5,NA,NA
2019-05-31,2019,Summer,Upstream,02URSU19.UFR,10:00:00,UFR,1,38.6,7.57,14.5,10.33,59,0.185,4.7,120.2,NA,NA
2019-05-31,2019,Summer,Upstream,02URSU19.UFR,10:00:00,UFR,2,43.9,7.57,14.5,10.38,41,0.128,7.1,121.7,NA,NA
2019-05-31,2019,Summer,Upstream,02URSU19.UM,10:24:00,UM,1,47.8,7.63,14.8,10.43,199,0.515,3.4,116.7,NA,NA
2019-05-31,2019,Summer,Upstream,02URSU19.UM,10:24:00,UM,2,38,7.62,14.8,10.47,362,0.43,4,117.2,NA,NA
2019-05-31,2019,Summer,Upstream,02URSU19.USH,10:57:00,USH,1,17.4,7.65,14.9,10.36,126,0.209,2.4,109.6,NA,NA
2019-05-31,2019,Summer,Upstream,02URSU19.USH,10:57:00,USH,2,31.9,7.63,14.9,10.37,124,0.33,3.9,109.3,NA,NA
2019-05-31,2019,Summer,Upstream,02URSU19.USU,11:20:00,USU,1,12.8,7.65,15,10.35,187,0.113,3.2,109.4,NA,NA
2019-05-31,2019,Summer,Upstream,02URSU19.USU,11:20:00,USU,2,25,7.64,15,10.38,173,0.516,5.4,109.3,NA,NA
2019-06-03,2019,Summer,Downstream,02DRSU19.DSR,09:39:00,DSR,1,31,7.47,15.8,9.87,50,0.144,9,131.5,NA,NA
2019-06-03,2019,Summer,Downstream,02DRSU19.DSR,09:39:00,DSR,2,18,7.47,15.8,9.88,63,0.166,6.3,130.4,NA,NA
2019-06-03,2019,Summer,Downstream,02DRSU19.DFR,10:11:00,DFR,1,31.5,7.5,15.9,9.88,877,0.46,7.6,130.5,NA,NA
2019-06-03,2019,Summer,Downstream,02DRSU19.DFR,10:11:00,DFR,2,30,7.5,16,9.89,168,0.197,6.6,129.7,NA,NA
2019-06-03,2019,Summer,Downstream,02DRSU19.DM,10:30:00,DM,1,32,7.5,15.3,9.8,1075,0.237,5,129.2,NA,NA
2019-06-03,2019,Summer,Downstream,02DRSU19.DM,10:30:00,DM,2,25,7.49,16,9.83,956,0.186,8.6,129.1,NA,NA
2019-06-03,2019,Summer,Downstream,02DRSU19.DSH,11:05:00,DSH,1,21.5,7.52,16.3,9.87,35,0.713,8,129.3,NA,NA
2019-06-03,2019,Summer,Downstream,02DRSU19.DSH,11:05:00,DSH,2,21.5,7.5,16.2,9.86,244,0.083,6.5,129.7,NA,NA
2019-06-03,2019,Summer,Downstream,02DRSU19.DSP,11:32:00,DSP,1,19,7.56,16.3,9.84,1065,0.406,6.7,129,NA,NA
2019-06-03,2019,Summer,Downstream,02DRSU19.DSP,11:32:00,DSP,2,25,7.56,16.3,9.84,1130,0.4,7.9,129.6,NA,NA
2019-06-04,2019,Summer,Downstream,03DRSU19.DSR,09:30:00,DSR,1,17,7.44,14.5,10.26,59,0.148,7.4,127,NA,NA
2019-06-04,2019,Summer,Downstream,03DRSU19.DSR,09:30:00,DSR,2,19.5,7.43,14.5,10.22,51,0.094,7.7,125.5,NA,NA
2019-06-04,2019,Summer,Downstream,03DRSU19.DFR,10:05:00,DFR,1,20.5,7.43,14.6,10.26,80,0.397,5.5,125.3,NA,NA
2019-06-04,2019,Summer,Downstream,03DRSU19.DFR,10:05:00,DFR,2,25,7.44,14.6,10.26,73,0.442,7,125.5,NA,NA
2019-06-04,2019,Summer,Downstream,03DRSU19.DM,10:27:00,DM,1,18.5,7.44,14.5,10.21,1330,0.151,5.2,126.5,NA,NA
2019-06-04,2019,Summer,Downstream,03DRSU19.DM,10:27:00,DM,2,30,7.45,14.5,10.23,1022,0.151,6,122.5,NA,NA
2019-06-04,2019,Summer,Downstream,03DRSU19.DSH,10:56:00,DSH,1,19,7.47,14.9,10.27,46,0.617,8.7,126.9,NA,NA
2019-06-04,2019,Summer,Downstream,03DRSU19.DSH,10:56:00,DSH,2,18.5,7.49,14.9,10.26,50,0.342,8,127.4,NA,NA
2019-06-04,2019,Summer,Downstream,03DRSU19.DSP,11:15:00,DSP,1,14,7.5,15,10.21,1651,0.177,7.5,127.3,NA,NA
2019-06-04,2019,Summer,Downstream,03DRSU19.DSP,11:15:00,DSP,2,21.2,7.53,15,10.23,1353,0.126,7.8,125.8,NA,NA
2019-06-05,2019,Summer,Upstream,03URSU19.USR,09:36:00,USR,1,14,7.68,15.1,10.29,156,0.059,3.8,137.7,NA,NA
2019-06-05,2019,Summer,Upstream,03URSU19.USR,09:36:00,USR,2,22.4,7.66,15.1,10.34,169,0.035,4.4,136.8,NA,NA
2019-06-05,2019,Summer,Upstream,03URSU19.UFR,10:09:00,UFR,1,29.4,7.7,15.1,10.37,46,0.005,5,136.2,NA,NA
2019-06-05,2019,Summer,Upstream,03URSU19.UFR,10:02:00,UFR,2,46,7.71,15.1,10.28,51,0.008,4.9,136.8,NA,NA
2019-06-05,2019,Summer,Upstream,03URSU19.UM,10:48:00,UM,1,24,7.76,15.4,10.36,647,0.09,3.7,132.7,NA,NA
2019-06-05,2019,Summer,Upstream,03URSU19.UM,10:48:00,UM,2,25.2,7.75,15.3,10.38,133,0.363,4,132.1,NA,NA
2019-06-05,2019,Summer,Upstream,03URSU19.USH,11:17:00,USH,1,31.6,7.76,15.7,10.33,111,0.21,4,120.7,NA,NA
2019-06-05,2019,Summer,Upstream,03URSU19.USH,11:17:00,USH,2,26.5,7.76,15.7,10.3,84,0.14,7.4,121,NA,NA
2019-06-05,2019,Summer,Upstream,03URSU19.USU,11:37:00,USU,1,27.6,7.77,15.9,10.26,1212,0.369,4.7,121.9,NA,NA
2019-06-05,2019,Summer,Upstream,03URSU19.USU,11:37:00,USU,2,22.8,7.75,15.9,10.33,1331,0.492,6.7,121.9,NA,NA
2019-06-14,2019,Summer,Downstream,waterQ_SU19DR.DSR,13:50:00,DSR,1,19,7.48,16.3,9.85,24,0.138,9.1,131.7,NA,NA
2019-06-14,2019,Summer,Downstream,waterQ_SU19DR.DSR,13:52:00,DSR,2,33,7.54,16.2,9.89,25,0.109,8,130.2,NA,NA
2019-06-14,2019,Summer,Downstream,waterQ_SU19DR.DSR,13:54:00,DSR,3,23.5,7.55,16.2,9.91,26,0.189,8.6,129.6,NA,NA
2019-06-14,2019,Summer,Downstream,waterQ_SU19DR.DFR,13:56:00,DFR,1,20.5,7.55,16.2,9.93,28,0.149,6.1,129.1,NA,NA
2019-06-14,2019,Summer,Downstream,waterQ_SU19DR.DFR,13:58:00,DFR,2,25,7.55,16.2,9.92,60,0.271,7.1,129.7,NA,NA
2019-06-14,2019,Summer,Downstream,waterQ_SU19DR.DFR,14:00:00,DFR,3,23,7.55,16.2,9.92,96,0.288,6.8,129.7,NA,NA
2019-06-14,2019,Summer,Downstream,waterQ_SU19DR.DM,14:14:00,DM,1,32,7.58,16.4,9.98,72,0.064,6.6,130.9,NA,NA
2019-06-14,2019,Summer,Downstream,waterQ_SU19DR.DM,14:16:00,DM,2,25,7.57,16.3,9.97,85,0.055,4.6,130.5,NA,NA
2019-06-14,2019,Summer,Downstream,waterQ_SU19DR.DM,14:41:00,DM,3,31,7.58,16.4,9.97,112,0.121,6.2,129.8,NA,NA
2019-06-14,2019,Summer,Downstream,waterQ_SU19DR.DSH,14:02:00,DSH,1,20.5,7.56,16.2,9.93,32,0.442,7.7,130.1,NA,NA
2019-06-14,2019,Summer,Downstream,waterQ_SU19DR.DSH,14:04:00,DSH,2,21,7.57,16.3,9.93,46,0.366,9.7,130,NA,NA
2019-06-14,2019,Summer,Downstream,waterQ_SU19DR.DSH,14:06:00,DSH,3,25.5,7.56,16.3,9.96,36,0.371,7,130.2,NA,NA
2019-06-14,2019,Summer,Downstream,waterQ_SU19DR.DSP,14:08:00,DSP,1,19.5,7.6,16.4,9.98,108,0.175,9.8,128.6,NA,NA
2019-06-14,2019,Summer,Downstream,waterQ_SU19DR.DSP,14:10:00,DSP,2,21,7.6,16.4,9.99,150,0.205,7.6,130.2,NA,NA
2019-06-14,2019,Summer,Downstream,waterQ_SU19DR.DSP,14:12:00,DSP,3,18.5,7.6,16.4,9.98,136,0.16,6.8,129.7,NA,NA
2019-06-14,2019,Summer,Upstream,waterQ_SU19UR.USR,14:43:00,USR,1,31.5,7.75,15.8,10.08,32,0.06,5.9,129.8,NA,NA
2019-06-14,2019,Summer,Upstream,waterQ_SU19UR.USR,14:45:00,USR,2,25,7.74,15.8,10.08,27,0.036,4.7,130.5,NA,NA
2019-06-14,2019,Summer,Upstream,waterQ_SU19UR.USR,14:47:00,USR,3,26,7.75,15.8,10.09,29,0.098,4.8,131.3,NA,NA
2019-06-14,2019,Summer,Upstream,waterQ_SU19UR.UFR,14:55:00,UFR,1,36,7.72,15.8,10.08,17,0.072,4.6,129.8,NA,NA
2019-06-14,2019,Summer,Upstream,waterQ_SU19UR.UFR,14:57:00,UFR,2,33.5,7.72,15.8,10.06,26,0.108,7.6,131.1,NA,NA
2019-06-14,2019,Summer,Upstream,waterQ_SU19UR.UFR,14:59:00,UFR,3,30,7.72,15.8,10.06,33,0.163,5.7,130,NA,NA
2019-06-14,2019,Summer,Upstream,waterQ_SU19UR.UM,14:49:00,UM,1,26,7.74,15.8,10.09,28,0.495,6.4,129.1,NA,NA
2019-06-14,2019,Summer,Upstream,waterQ_SU19UR.UM,14:51:00,UM,2,23,7.73,15.8,10.1,28,0.492,6.8,125.5,NA,NA
2019-06-14,2019,Summer,Upstream,waterQ_SU19UR.UM,14:53:00,UM,3,26,7.74,15.8,10.08,27,0.294,4.9,126.8,NA,NA
2019-06-14,2019,Summer,Upstream,waterQ_SU19UR.USH,15:01:00,USH,1,38,7.72,15.8,10.07,56,0.281,3.8,117.8,NA,NA
2019-06-14,2019,Summer,Upstream,waterQ_SU19UR.USH,15:03:00,USH,2,46,7.72,15.8,10.07,60,0.298,3.6,117.6,NA,NA
2019-06-14,2019,Summer,Upstream,waterQ_SU19UR.USH,15:05:00,USH,3,52,7.72,15.8,10.07,52,0.438,3.3,119.8,NA,NA
2019-06-14,2019,Summer,Upstream,waterQ_SU19UR.USU,15:07:00,USU,1,32,7.72,15.8,10.06,182,0.434,6.6,117.6,NA,NA
2019-06-14,2019,Summer,Upstream,waterQ_SU19UR.USU,15:09:00,USU,2,22,7.72,15.9,10.06,194,0.242,5.2,118.5,NA,NA
2019-06-14,2019,Summer,Upstream,waterQ_SU19UR.USU,15:11:00,USU,3,37,7.73,15.8,10.06,183,0.47,5.7,119,NA,NA
2019-09-16,2019,Fall,Upstream,01URFA19.USR,14:04:00,USR,1,22.5,8.05,17.2,10.38,NA,NA,19.2,196,NA,NA
2019-09-16,2019,Fall,Upstream,01URFA19.USR,14:19:00,USR,2,15,NA,NA,NA,NA,NA,6.9,195.9,NA,NA
2019-09-16,2019,Fall,Upstream,01URFA19.USR,NA,USR,3,NA,NA,NA,NA,NA,NA,10.9,196.2,NA,NA
2019-09-16,2019,Fall,Upstream,01URFA19.UFR,14:05:00,UFR,1,25,8.08,17.3,10.45,NA,NA,7.4,196.7,NA,NA
2019-09-16,2019,Fall,Upstream,01URFA19.UFR,14:50:00,UFR,2,43,NA,NA,NA,NA,NA,5.9,196.7,NA,NA
2019-09-16,2019,Fall,Upstream,01URFA19.UFR,NA,UFR,3,NA,NA,NA,NA,NA,NA,6.6,197.7,NA,NA
2019-09-16,2019,Fall,Upstream,01URFA19.UM,14:05:00,UM,1,21.5,8.14,17.5,10.43,NA,NA,5.9,196.6,NA,NA
2019-09-16,2019,Fall,Upstream,01URFA19.UM,14:30:00,UM,2,10,NA,NA,NA,NA,NA,4.4,195.8,NA,NA
2019-09-16,2019,Fall,Upstream,01URFA19.UM,NA,UM,3,NA,NA,NA,NA,NA,NA,4.3,195.5,NA,NA
2019-09-16,2019,Fall,Upstream,01URFA19.USH,14:10:00,USH,1,43.5,8.11,17.3,10.35,NA,NA,6.5,204.1,NA,NA
2019-09-16,2019,Fall,Upstream,01URFA19.USH,14:29:00,USH,2,47,NA,NA,NA,NA,NA,4.6,190.7,NA,NA
2019-09-16,2019,Fall,Upstream,01URFA19.USH,NA,USH,3,NA,NA,NA,NA,NA,NA,2.7,201.9,NA,NA
2019-09-16,2019,Fall,Upstream,01URFA19.USU,14:14:00,USU,1,11,8.11,17.3,10.37,NA,NA,6.8,190.2,NA,NA
2019-09-16,2019,Fall,Upstream,01URFA19.USU,14:34:00,USU,2,7,NA,NA,NA,NA,NA,4.5,189.8,NA,NA
2019-09-16,2019,Fall,Upstream,01URFA19.USU,NA,USU,3,NA,NA,NA,NA,NA,NA,6,196.1,NA,NA
2019-09-17,2019,Fall,Downstream,01DRFA19.DSR,13:48:00,DSR,1,18,7.43,19,9.73,NA,NA,10.8,206.7,NA,NA
2019-09-17,2019,Fall,Downstream,01DRFA19.DSR,14:09:00,DSR,2,21.5,NA,NA,NA,NA,NA,8.1,205,NA,NA
2019-09-17,2019,Fall,Downstream,01DRFA19.DSR,NA,DSR,3,NA,NA,NA,NA,NA,NA,7.1,206.5,NA,NA
2019-09-17,2019,Fall,Downstream,01DRFA19.DFR,14:00:00,DFR,1,19,7.48,19.1,9.83,NA,NA,12,204.9,NA,NA
2019-09-17,2019,Fall,Downstream,01DRFA19.DFR,14:20:00,DFR,2,15,NA,NA,NA,NA,NA,8.4,205,NA,NA
2019-09-17,2019,Fall,Downstream,01DRFA19.DFR,NA,DFR,3,NA,NA,NA,NA,NA,NA,11.4,203.9,NA,NA
2019-09-17,2019,Fall,Downstream,01DRFA19.DM,13:49:00,DM,1,22.5,7.48,19.2,9.91,NA,NA,7.6,205.3,NA,NA
2019-09-17,2019,Fall,Downstream,01DRFA19.DM,14:30:00,DM,2,18,NA,NA,NA,NA,NA,23.6,205.1,NA,NA
2019-09-17,2019,Fall,Downstream,01DRFA19.DM,NA,DM,3,NA,NA,NA,NA,NA,NA,11.1,223.7,NA,NA
2019-09-17,2019,Fall,Downstream,01DRFA19.DSH,13:49:00,DSH,1,17,7.48,19.3,10.03,NA,NA,7.7,204.7,NA,NA
2019-09-17,2019,Fall,Downstream,01DRFA19.DSH,14:31:00,DSH,2,13.5,NA,NA,NA,NA,NA,7.7,203.9,NA,NA
2019-09-17,2019,Fall,Downstream,01DRFA19.DSH,NA,DSH,3,NA,NA,NA,NA,NA,NA,8.1,202.4,NA,NA
2019-09-17,2019,Fall,Downstream,01DRFA19.DSP,13:50:00,DSP,1,12,7.51,19.2,9.91,NA,NA,8.7,205.8,NA,NA
2019-09-17,2019,Fall,Downstream,01DRFA19.DSP,14:31:00,DSP,2,16.5,NA,NA,NA,NA,NA,10.9,203.3,NA,NA
2019-09-17,2019,Fall,Downstream,01DRFA19.DSP,NA,DSP,3,NA,NA,NA,NA,NA,NA,8.1,204,NA,NA
2019-09-23,2019,Fall,Downstream,02DRFA19.DSR,13:35:00,DSR,1,19,7.56,20,9.7,NA,NA,23.8,223.7,NA,NA
2019-09-23,2019,Fall,Downstream,02DRFA19.DSR,13:52:00,DSR,2,17.5,NA,NA,NA,NA,NA,29,219.5,NA,NA
2019-09-23,2019,Fall,Downstream,02DRFA19.DSR,NA,DSR,3,NA,NA,NA,NA,NA,NA,14.9,221.5,NA,NA
2019-09-23,2019,Fall,Downstream,02DRFA19.DFR,13:35:00,DFR,1,11.5,7.57,19.7,9.9,NA,NA,9.1,221.1,NA,NA
2019-09-23,2019,Fall,Downstream,02DRFA19.DFR,13:50:00,DFR,2,17.7,NA,NA,NA,NA,NA,7,219.4,NA,NA
2019-09-23,2019,Fall,Downstream,02DRFA19.DFR,NA,DFR,3,NA,NA,NA,NA,NA,NA,8.2,218.8,NA,NA
2019-09-23,2019,Fall,Downstream,02DRFA19.DM,14:00:00,DM,1,17.5,7.63,19.8,9.93,NA,NA,7.7,216.3,NA,NA
2019-09-23,2019,Fall,Downstream,02DRFA19.DM,14:00:00,DM,2,14,NA,NA,NA,NA,NA,9,220.9,NA,NA
2019-09-23,2019,Fall,Downstream,02DRFA19.DM,NA,DM,3,NA,NA,NA,NA,NA,NA,6.3,219.1,NA,NA
2019-09-23,2019,Fall,Downstream,02DRFA19.DSH,13:34:00,DSH,1,19,7.58,19.5,10.03,NA,NA,6.9,220.5,NA,NA
2019-09-23,2019,Fall,Downstream,02DRFA19.DSH,13:48:00,DSH,2,22,NA,NA,NA,NA,NA,8.3,218.7,NA,NA
2019-09-23,2019,Fall,Downstream,02DRFA19.DSH,NA,DSH,3,NA,NA,NA,NA,NA,NA,6.9,218.7,NA,NA
2019-09-23,2019,Fall,Downstream,02DRFA19.DSP,13:36:00,DSP,1,4.5,7.56,19.5,10,NA,NA,7,220.3,NA,NA
2019-09-23,2019,Fall,Downstream,02DRFA19.DSP,13:53:00,DSP,2,3.5,NA,NA,NA,NA,NA,12.1,216.8,NA,NA
2019-09-23,2019,Fall,Downstream,02DRFA19.DSP,NA,DSP,3,NA,NA,NA,NA,NA,NA,4.8,216.8,NA,NA
2019-09-24,2019,Fall,Upstream,02URFA19.USR,13:55:00,USR,1,18.5,7.75,18,10.08,NA,NA,11.3,223.9,NA,NA
2019-09-24,2019,Fall,Upstream,02URFA19.USR,14:07:00,USR,2,15,NA,NA,NA,NA,NA,21.7,222.8,NA,NA
2019-09-24,2019,Fall,Upstream,02URFA19.USR,NA,USR,3,NA,NA,NA,NA,NA,NA,16.4,220.4,NA,NA
2019-09-24,2019,Fall,Upstream,02URFA19.UFR,14:00:00,UFR,1,37,8.06,18.3,10.44,NA,NA,8.7,211.4,NA,NA
2019-09-24,2019,Fall,Upstream,02URFA19.UFR,14:21:00,UFR,2,20,NA,NA,NA,NA,NA,4.7,213.5,NA,NA
2019-09-24,2019,Fall,Upstream,02URFA19.UFR,NA,UFR,3,NA,NA,NA,NA,NA,NA,6.2,208.7,NA,NA
2019-09-24,2019,Fall,Upstream,02URFA19.UM,13:57:00,UM,1,19,8.2,18.4,10.55,NA,NA,4.1,214.6,NA,NA
2019-09-24,2019,Fall,Upstream,02URFA19.UM,14:12:00,UM,2,10,NA,NA,NA,NA,NA,5.4,213.3,NA,NA
2019-09-24,2019,Fall,Upstream,02URFA19.UM,NA,UM,3,NA,NA,NA,NA,NA,NA,4.2,215.2,NA,NA
2019-09-24,2019,Fall,Upstream,02URFA19.USH,13:55:00,USH,1,50,8.1,18.3,10.22,NA,NA,4.9,211.2,NA,NA
2019-09-24,2019,Fall,Upstream,02URFA19.USH,14:12:00,USH,2,44,NA,NA,NA,NA,NA,6.6,211.1,NA,NA
2019-09-24,2019,Fall,Upstream,02URFA19.USH,NA,USH,3,NA,NA,NA,NA,NA,NA,3.4,217.1,NA,NA
2019-09-24,2019,Fall,Upstream,02URFA19.USU,13:52:00,USU,1,32,8.12,18.4,9.98,NA,NA,7,209.4,NA,NA
2019-09-24,2019,Fall,Upstream,02URFA19.USU,14:10:00,USU,2,20,NA,NA,NA,NA,NA,7.6,210.2,NA,NA
2019-09-24,2019,Fall,Upstream,02URFA19.USU,NA,USU,3,NA,NA,NA,NA,NA,NA,6,217,NA,NA
2019-09-26,2019,Fall,Downstream,03DRFA19.DSR,14:06:00,DSR,1,19,7.45,NA,NA,NA,NA,15,222.9,NA,NA
2019-09-26,2019,Fall,Downstream,03DRFA19.DSR,14:37:00,DSR,2,12,NA,NA,NA,NA,NA,32.7,216.4,NA,NA
2019-09-26,2019,Fall,Downstream,03DRFA19.DSR,NA,DSR,3,NA,NA,NA,NA,NA,NA,34,218.2,NA,NA
2019-09-26,2019,Fall,Downstream,03DRFA19.DFR,14:04:00,DFR,1,14,7.42,NA,NA,NA,NA,17.8,218,NA,NA
2019-09-26,2019,Fall,Downstream,03DRFA19.DFR,14:14:00,DFR,2,20,NA,NA,NA,NA,NA,7,215.2,NA,NA
2019-09-26,2019,Fall,Downstream,03DRFA19.DFR,NA,DFR,3,NA,NA,NA,NA,NA,NA,11.4,210.6,NA,NA
2019-09-26,2019,Fall,Downstream,03DRFA19.DM,14:04:00,DM,1,11,7.4,NA,NA,NA,NA,9.6,217.1,NA,NA
2019-09-26,2019,Fall,Downstream,03DRFA19.DM,14:27:00,DM,2,11,NA,NA,NA,NA,NA,9,220.6,NA,NA
2019-09-26,2019,Fall,Downstream,03DRFA19.DM,NA,DM,3,NA,NA,NA,NA,NA,NA,9.9,219.9,NA,NA
2019-09-26,2019,Fall,Downstream,03DRFA19.DSH,14:04:00,DSH,1,11,7.4,NA,NA,NA,NA,10.9,218.2,NA,NA
2019-09-26,2019,Fall,Downstream,03DRFA19.DSH,14:24:00,DSH,2,18,NA,NA,NA,NA,NA,8.6,217.6,NA,NA
2019-09-26,2019,Fall,Downstream,03DRFA19.DSH,NA,DSH,3,NA,NA,NA,NA,NA,NA,24.4,215.8,NA,NA
2019-09-26,2019,Fall,Downstream,03DRFA19.DSP,14:08:00,DSP,1,17,7.36,NA,NA,NA,NA,21.2,218.3,NA,NA
2019-09-26,2019,Fall,Downstream,03DRFA19.DSP,14:27:00,DSP,2,12.5,NA,NA,NA,NA,NA,21.2,218.6,NA,NA
2019-09-26,2019,Fall,Downstream,03DRFA19.DSP,NA,DSP,3,NA,NA,NA,NA,NA,NA,7.3,217.8,NA,NA
2019-09-30,2019,Fall,Downstream,waterQ_FA19DR01.DSR,14:00:00,DSR,1,17.4,7.54,17.5,9.9,53,0,17.7,219.6,NA,NA
2019-09-30,2019,Fall,Downstream,waterQ_FA19DR01.DSR,14:00:00,DSR,2,16,7.56,18,10.23,72,0,30,219,NA,NA
2019-09-30,2019,Fall,Downstream,waterQ_FA19DR01.DSR,NA,DSR,3,15.9,7.58,18.1,10.27,64,0,9.8,213.4,NA,NA
2019-09-30,2019,Fall,Downstream,waterQ_FA19DR01.DFR,14:00:00,DFR,1,10.6,7.58,18,10.17,28,0,9.6,217.1,NA,NA
2019-09-30,2019,Fall,Downstream,waterQ_FA19DR01.DFR,14:00:00,DFR,2,18.5,7.58,18.1,10.27,29,0,9.3,219.2,NA,NA
2019-09-30,2019,Fall,Downstream,waterQ_FA19DR01.DFR,NA,DFR,3,16.3,7.58,18.1,10.26,32,0.043,18.6,214.4,NA,NA
2019-09-30,2019,Fall,Downstream,waterQ_FA19DR01.DM,14:00:00,DM,1,21,7.61,18,10.27,78,0.24,12.2,215.5,NA,NA
2019-09-30,2019,Fall,Downstream,waterQ_FA19DR01.DM,14:00:00,DM,2,15.8,7.6,18.1,10.21,90,0.157,10.9,219.3,NA,NA
2019-09-30,2019,Fall,Downstream,waterQ_FA19DR01.DM,NA,DM,3,24.6,7.61,18.1,10.28,52,0.061,9.4,218.2,NA,NA
2019-09-30,2019,Fall,Downstream,waterQ_FA19DR01.DSH,14:00:00,DSH,1,10.5,7.58,18.1,10,18,0.084,7.2,215.5,NA,NA
2019-09-30,2019,Fall,Downstream,waterQ_FA19DR01.DSH,14:00:00,DSH,2,11.3,7.58,18,10.35,11,0.137,25.9,213,NA,NA
2019-09-30,2019,Fall,Downstream,waterQ_FA19DR01.DSH,NA,DSH,3,14.1,7.59,18,10.33,11,0.035,8.7,213.9,NA,NA
2019-09-30,2019,Fall,Downstream,waterQ_FA19DR01.DSP,14:00:00,DSP,1,17,7.61,18,10.17,568,0.136,14.6,217.7,NA,NA
2019-09-30,2019,Fall,Downstream,waterQ_FA19DR01.DSP,14:00:00,DSP,2,7.1,7.62,18,10.28,625,0.271,24.5,219.4,NA,NA
2019-09-30,2019,Fall,Downstream,waterQ_FA19DR01.DSP,NA,DSP,3,14.5,7.6,18,10.24,116,0.201,7.5,219.7,NA,NA
2019-09-30,2019,Fall,Upstream,waterQ_FA19UR01.USR,14:00:00,USR,1,11.5,7.91,14.9,10.28,70,0.008,13.8,215.1,NA,NA
2019-09-30,2019,Fall,Upstream,waterQ_FA19UR01.USR,14:00:00,USR,2,23.8,7.93,14.7,10.84,92,0.007,4.9,214.2,NA,NA
2019-09-30,2019,Fall,Upstream,waterQ_FA19UR01.USR,NA,USR,3,19.9,8.01,14.8,10.89,114,0.007,6.6,214.6,NA,NA
2019-09-30,2019,Fall,Upstream,waterQ_FA19UR01.UFR,14:00:00,UFR,1,30.2,7.95,14.8,10.95,33,0.007,16.1,210.8,NA,NA
2019-09-30,2019,Fall,Upstream,waterQ_FA19UR01.UFR,14:00:00,UFR,2,20.8,7.93,14.9,10.87,45,0.008,9.4,214.3,NA,NA
2019-09-30,2019,Fall,Upstream,waterQ_FA19UR01.UFR,NA,UFR,3,47.8,7.97,14.9,10.91,31,0.024,12.2,213.6,NA,NA
2019-09-30,2019,Fall,Upstream,waterQ_FA19UR01.UM,14:00:00,UM,1,24.5,8.03,15,10.99,644,0.018,10.3,211.8,NA,NA
2019-09-30,2019,Fall,Upstream,waterQ_FA19UR01.UM,14:00:00,UM,2,13.8,8.06,15.2,10.82,701,0.297,8.5,213.7,NA,NA
2019-09-30,2019,Fall,Upstream,waterQ_FA19UR01.UM,NA,UM,3,16.3,8.03,15.2,10.98,829,0.015,12,211.4,NA,NA
2019-09-30,2019,Fall,Upstream,waterQ_FA19UR01.USH,14:00:00,USH,1,44,7.93,15.2,10.71,18,0.123,9.1,213.5,NA,NA
2019-09-30,2019,Fall,Upstream,waterQ_FA19UR01.USH,14:00:00,USH,2,48.8,7.95,15.2,10.73,12,0.033,4.3,216.6,NA,NA
2019-09-30,2019,Fall,Upstream,waterQ_FA19UR01.USH,NA,USH,3,74.8,7.95,15.2,10.65,8,0.011,7.8,215.5,NA,NA
2019-09-30,2019,Fall,Upstream,waterQ_FA19UR01.USU,14:00:00,USU,1,24.7,7.98,15.2,10.75,40,0.211,10.4,208.2,NA,NA
2019-09-30,2019,Fall,Upstream,waterQ_FA19UR01.USU,14:00:00,USU,2,28,7.99,15.2,10.76,50,0.195,6.8,209.6,NA,NA
2019-09-30,2019,Fall,Upstream,waterQ_FA19UR01.USU,NA,USU,3,34.4,7.97,15.2,10.71,75,0.173,9.8,211.9,NA,NA
2019-10-01,2019,Fall,Downstream,waterQ_FA19DR02.DSR,14:00:00,DSR,1,20,7.56,18.1,9.97,94,0,12.8,218.4,NA,NA
2019-10-01,2019,Fall,Downstream,waterQ_FA19DR02.DSR,14:00:00,DSR,2,23,7.54,18.1,10.15,95,0,11.3,216.9,NA,NA
2019-10-01,2019,Fall,Downstream,waterQ_FA19DR02.DSR,NA,DSR,3,19,7.49,18.1,10.14,84,0,8.1,216.8,NA,NA
2019-10-01,2019,Fall,Downstream,waterQ_FA19DR02.DFR,14:00:00,DFR,1,15,7.55,18,10.08,114,0,9.3,216.2,NA,NA
2019-10-01,2019,Fall,Downstream,waterQ_FA19DR02.DFR,14:00:00,DFR,2,17,7.56,18,10.09,106,0,8.9,215.6,NA,NA
2019-10-01,2019,Fall,Downstream,waterQ_FA19DR02.DFR,NA,DFR,3,15,7.56,18,10.1,100,0,8.4,217.6,NA,NA
2019-10-01,2019,Fall,Downstream,waterQ_FA19DR02.DM,14:00:00,DM,1,23.5,7.61,18.1,9.99,157,0,11.2,216.6,NA,NA
2019-10-01,2019,Fall,Downstream,waterQ_FA19DR02.DM,14:00:00,DM,2,21,7.61,18.1,10.12,167,0,9.1,217.3,NA,NA
2019-10-01,2019,Fall,Downstream,waterQ_FA19DR02.DM,NA,DM,3,20.5,7.61,17.9,10.18,150,0.114,9.2,216.3,NA,NA
2019-10-01,2019,Fall,Downstream,waterQ_FA19DR02.DSH,14:00:00,DSH,1,15,7.61,17.8,10.25,61,0.335,8.8,215.8,NA,NA
2019-10-01,2019,Fall,Downstream,waterQ_FA19DR02.DSH,14:00:00,DSH,2,16,7.6,17.8,10.32,48,0.281,10.8,215.3,NA,NA
2019-10-01,2019,Fall,Downstream,waterQ_FA19DR02.DSH,NA,DSH,3,21,7.6,17.8,10.31,38,0.267,9.2,215.2,NA,NA
2019-10-01,2019,Fall,Downstream,waterQ_FA19DR02.DSP,14:00:00,DSP,1,15,7.63,17.9,10,194,0.06,15.4,211.8,NA,NA
2019-10-01,2019,Fall,Downstream,waterQ_FA19DR02.DSP,14:00:00,DSP,2,18,7.61,17.8,10.1,163,0.312,9.5,214.8,NA,NA
2019-10-01,2019,Fall,Downstream,waterQ_FA19DR02.DSP,NA,DSP,3,16.5,7.63,17.8,10.23,136,0.208,8.4,216.1,NA,NA
2019-10-01,2019,Fall,Upstream,waterQ_FA19UR02.USR,14:00:00,USR,1,14.75,7.81,16.7,10.71,347,0,8.1,215.3,NA,NA
2019-10-01,2019,Fall,Upstream,waterQ_FA19UR02.USR,14:00:00,USR,2,14.5,7.96,16.6,11.01,257,0,25.1,211.1,NA,NA
2019-10-01,2019,Fall,Upstream,waterQ_FA19UR02.USR,NA,USR,3,18.5,7.88,16.5,10.83,138,0,10.3,216,NA,NA
2019-10-01,2019,Fall,Upstream,waterQ_FA19UR02.UFR,14:00:00,UFR,1,26.5,7.99,16.3,10.84,66,0,10.6,216.2,NA,NA
2019-10-01,2019,Fall,Upstream,waterQ_FA19UR02.UFR,14:00:00,UFR,2,21.5,8.03,16.3,10.78,50,0,10.9,215.7,NA,NA
2019-10-01,2019,Fall,Upstream,waterQ_FA19UR02.UFR,NA,UFR,3,37,8.03,16.3,10.83,46,0,9.2,216.1,NA,NA
2019-10-01,2019,Fall,Upstream,waterQ_FA19UR02.UM,14:00:00,UM,1,21,8.02,16.54,10.83,866,0,8.2,211,NA,NA
2019-10-01,2019,Fall,Upstream,waterQ_FA19UR02.UM,14:00:00,UM,2,10.5,8.09,16.4,10.83,1029,0.543,9.5,216.2,NA,NA
2019-10-01,2019,Fall,Upstream,waterQ_FA19UR02.UM,NA,UM,3,16,8.14,16.5,10.97,667,0.218,7.2,214.5,NA,NA
2019-10-01,2019,Fall,Upstream,waterQ_FA19UR02.USH,14:00:00,USH,1,34.5,8.17,16.6,10.75,34,0.127,8.8,210.7,NA,NA
2019-10-01,2019,Fall,Upstream,waterQ_FA19UR02.USH,14:00:00,USH,2,46,8.14,16.6,10.78,24,0.33,9,215.7,NA,NA
2019-10-01,2019,Fall,Upstream,waterQ_FA19UR02.USH,NA,USH,3,38,8.18,16.6,10.81,42,0,5.7,209,NA,NA
2019-10-01,2019,Fall,Upstream,waterQ_FA19UR02.USU,14:00:00,USU,1,21,8.17,16.6,10.79,92,0.16,12,208.6,NA,NA
2019-10-01,2019,Fall,Upstream,waterQ_FA19UR02.USU,14:00:00,USU,2,23,8.17,16.6,10.81,180,0.224,6.2,207.4,NA,NA
2019-10-01,2019,Fall,Upstream,waterQ_FA19UR02.USU,NA,USU,3,25,8.14,16.6,10.81,103,0.152,8.8,209.5,NA,NA
2019-10-03,2019,Fall,Upstream,03URFA19.USR,13:55:00,USR,1,31,8,NA,NA,NA,NA,7.4,219.1,NA,NA
2019-10-03,2019,Fall,Upstream,03URFA19.USR,13:55:00,USR,2,27,NA,NA,NA,NA,NA,15.8,217.6,NA,NA
2019-10-03,2019,Fall,Upstream,03URFA19.USR,13:55:00,USR,3,NA,NA,NA,NA,NA,NA,17.2,219.8,NA,NA
2019-10-03,2019,Fall,Upstream,03URFA19.USR,13:55:00,USR,4,NA,NA,NA,NA,NA,NA,5,217.4,NA,NA
2019-10-03,2019,Fall,Upstream,03URFA19.UFR,13:55:00,UFR,1,29,7.98,NA,NA,NA,NA,7.4,217.7,NA,NA
2019-10-03,2019,Fall,Upstream,03URFA19.UFR,13:55:00,UFR,2,23,NA,NA,NA,NA,NA,12,218.5,NA,NA
2019-10-03,2019,Fall,Upstream,03URFA19.UFR,13:55:00,UFR,3,NA,NA,NA,NA,NA,NA,10.4,218.1,NA,NA
2019-10-03,2019,Fall,Upstream,03URFA19.UM,13:55:00,UM,1,25,7.96,NA,NA,NA,NA,5.7,220.4,NA,NA
2019-10-03,2019,Fall,Upstream,03URFA19.UM,13:55:00,UM,2,26,NA,NA,NA,NA,NA,9,217.3,NA,NA
2019-10-03,2019,Fall,Upstream,03URFA19.UM,13:55:00,UM,3,NA,NA,NA,NA,NA,NA,7.8,218,NA,NA
2019-10-03,2019,Fall,Upstream,03URFA19.USH,13:55:00,USH,1,42,7.98,NA,NA,NA,NA,10.9,221,NA,NA
2019-10-03,2019,Fall,Upstream,03URFA19.USH,13:55:00,USH,2,44.5,NA,NA,NA,NA,NA,10.4,219.1,NA,NA
2019-10-03,2019,Fall,Upstream,03URFA19.USH,13:55:00,USH,3,NA,NA,NA,NA,NA,NA,9.7,218.1,NA,NA
2019-10-03,2019,Fall,Upstream,03URFA19.USH,13:55:00,USH,4,NA,NA,NA,NA,NA,NA,5.8,220.7,NA,NA
2019-10-03,2019,Fall,Upstream,03URFA19.USU,13:55:00,USU,1,13,7.95,NA,NA,NA,NA,10.9,216.8,NA,NA
2019-10-03,2019,Fall,Upstream,03URFA19.USU,13:55:00,USU,2,11,NA,NA,NA,NA,NA,9.3,219.5,NA,NA
2019-10-03,2019,Fall,Upstream,03URFA19.USU,13:55:00,USU,3,NA,NA,NA,NA,NA,NA,11.2,215.6,NA,NA
2020-06-05,2020,Summer,Upstream,01URSU20.USR,12:50:00,USR,1,27,8.02,19.3,10.44,172,0,3.6,163.8,NA,NA
2020-06-05,2020,Summer,Upstream,01URSU20.USR,12:50:00,USR,2,29.5,8.02,19.3,10.44,166,0,3.3,160.3,NA,NA
2020-06-05,2020,Summer,Upstream,01URSU20.UFR,14:20:00,UFR,1,29.5,8.11,20.1,10.42231889,86.89614229,0,2.7,157.9,NA,NA
2020-06-05,2020,Summer,Upstream,01URSU20.UFR,14:20:00,UFR,2,33.5,8.13,20.1,10.49447213,111.8744251,0.001,1.8,157.7,NA,NA
2020-06-05,2020,Summer,Upstream,01URSU20.UM,13:44:00,UM,1,30,8.11,19.8,10.49357443,622.640523,0.1201,0.4,156.9,NA,NA
2020-06-05,2020,Summer,Upstream,01URSU20.UM,13:44:00,UM,2,26,8.11,19.8,10.50110392,652.9670538,0.1062,1.5,156,NA,NA
2020-06-05,2020,Summer,Upstream,01URSU20.USH,15:00:00,USH,1,12,8.04,20.4,10.14,85.22299833,0,0,145,NA,NA
2020-06-05,2020,Summer,Upstream,01URSU20.USH,15:00:00,USH,2,22.5,8.04,20.4,10.16234159,213.8214111,0.1085,1.9,143.5,NA,NA
2020-06-05,2020,Summer,Upstream,01URSU20.USU,15:31:00,USU,1,16,7.97,20.7,9.836366482,323.8409216,0.1356,0.2,144.5,NA,NA
2020-06-05,2020,Summer,Upstream,01URSU20.USU,15:31:00,USU,2,15,7.97,20.7,9.85,611.4959717,0.1493,3.3,144.3,NA,NA
2020-06-06,2020,Summer,Downstream,01DRSU20.DSR,10:40:00,DSR,1,19,7.43,22,9.456971629,1230.941595,0.0829,2.2,160.3,NA,NA
2020-06-06,2020,Summer,Downstream,01DRSU20.DFR,11:10:00,DFR,1,18.5,7.42,22.6,9.287265633,1148.395982,0.1724,6.8,159,NA,NA
2020-06-06,2020,Summer,Downstream,01DRSU20.DM,11:30:00,DM,1,15.5,7.45,22.4,9.286555929,1207.833401,0,6.2,158.6,NA,NA
2020-06-06,2020,Summer,Downstream,01DRSU20.DSH,11:50:00,DSH,1,14,7.43,22.6,9.365845636,39.77487254,0.3985,2.9,158.8,NA,NA
2020-06-06,2020,Summer,Downstream,01DRSU20.DSP,12:20:00,DSP,1,15,7.44,22.5,9.202787201,1430.890283,0.2398,2.4,160.5,NA,NA
2020-06-07,2020,Summer,Downstream,02DRSU20.DSR,14:00:00,DSR,1,19,7.19,20.5,9.04136897,89.48747502,0.1901,9.7,182,NA,NA
2020-06-07,2020,Summer,Downstream,02DRSU20.DFR,14:28:00,DFR,1,16.4,7.19,20.4,8.972204372,97.97916856,0.0768,8.1,180.7,NA,NA
2020-06-07,2020,Summer,Downstream,02DRSU20.DM,15:00:00,DM,1,16.1,7.21,20.4,9.060270753,116.2497942,0.0728,10,180.6,NA,NA
2020-06-07,2020,Summer,Downstream,02DRSU20.DSH,15:15:00,DSH,1,16.8,7.2,20.1,9.121988651,46.12248118,0.1386,12.7,179.1,NA,NA
2020-06-07,2020,Summer,Downstream,02DRSU20.DSP,15:45:00,DSP,1,11.9,7.26,20.1,9.262709875,161.1913637,0.07,9.5,181.2,NA,NA
2020-06-07,2020,Summer,Upstream,02URSU20.USR,10:00:00,USR,1,11.1,7.46,17.7,9.700266045,120.9711474,-2e-4,5.6,176.9,NA,NA
2020-06-07,2020,Summer,Upstream,02URSU20.USR,10:00:00,USR,2,20.6,7.48,17.7,9.749921668,52.81492721,-1e-4,5.2,167.8,NA,NA
2020-06-07,2020,Summer,Upstream,02URSU20.UFR,11:00:00,UFR,1,37.3,7.55,17.8,10.01968666,62.40463257,0.0766,6.3,166.5,NA,NA
2020-06-07,2020,Summer,Upstream,02URSU20.UFR,11:00:00,UFR,2,26.8,7.53,17.9,9.986292526,67.73482922,0.0172,5.3,166.7,NA,NA
2020-06-07,2020,Summer,Upstream,02URSU20.UM,10:40:00,UM,1,23.2,7.57,17.9,9.994377382,181.7293865,0.3299,3.7,163.7,NA,NA
2020-06-07,2020,Summer,Upstream,02URSU20.UM,10:40:00,UM,2,25.5,7.56,17.9,10.01240963,265.971339,0.49370000000000003,3.3,163.4,NA,NA
2020-06-07,2020,Summer,Upstream,02URSU20.USH,11:30:00,USH,1,23,7.65,18.1,10.13739639,81.80928785,0.0543,5.3,148.5,NA,NA
2020-06-07,2020,Summer,Upstream,02URSU20.USH,11:30:00,USH,2,28.2,7.65,18.2,10.11990613,57.0270627,0.281,6.1,148.2,NA,NA
2020-06-07,2020,Summer,Upstream,02URSU20.USU,11:46:00,USU,1,11.3,7.66,18,10.11206785,106.4344894,0.0992,7.8,148.3,NA,NA
2020-06-07,2020,Summer,Upstream,02URSU20.USU,11:46:00,USU,2,18.7,7.7,18.2,10.15392875,179.6332071,0.0455,3.6,147.9,NA,NA
2020-06-08,2020,Summer,Upstream,03URSU20.USR,10:15:00,USR,1,26.2,7.5,15.9,10.24794462,26.81998319,0,4.2,175.4,NA,NA
2020-06-08,2020,Summer,Upstream,03URSU20.USR,10:15:00,USR,2,19.4,7.52,15.9,10.32161189,39.38364428,0,2.1,172.8,NA,NA
2020-06-08,2020,Summer,Upstream,03URSU20.UFR,11:00:00,UFR,1,30.6,7.57,16.3,10.42616783,125.1192791,0.082,2.8,173.3,NA,NA
2020-06-08,2020,Summer,Upstream,03URSU20.UFR,11:00:00,UFR,2,32.8,7.57,16.4,10.4233519,24.42115961,0.0257,3.1,172.6,NA,NA
2020-06-08,2020,Summer,Upstream,03URSU20.UM,10:36:00,UM,1,19.7,7.57,16.2,10.48586105,224.092173,0.1336,1.8,170.3,NA,NA
2020-06-08,2020,Summer,Upstream,03URSU20.UM,10:36:00,UM,2,19.1,7.59,16.2,10.49889595,418.2008255,0.2232,5.6,170.7,NA,NA
2020-06-08,2020,Summer,Upstream,03URSU20.USH,11:27:00,USH,1,16.5,7.68,17.1,10.51495892,97.3005073,0.0096,5.7,151.1,NA,NA
2020-06-08,2020,Summer,Upstream,03URSU20.USH,11:27:00,USH,2,18.3,7.68,17.1,10.51882286,45.67434621,0.0161,6.5,152.5,NA,NA
2020-06-08,2020,Summer,Upstream,03URSU20.USU,11:54:00,USU,1,16.9,7.7,17.2,10.54802324,1586.404845,0.2515,2.4,151.9,NA,NA
2020-06-08,2020,Summer,Upstream,03URSU20.USU,11:54:00,USU,2,21.3,7.7,17.4,10.53539051,1448.727098,0.2548,4.4,153.5,NA,NA
2020-06-09,2020,Summer,Downstream,03DRSU20.DSR,10:00:00,DSR,1,16,7.39,18.9,10.0146728,430.7281139,8e-4,8.2,176.2,NA,NA
2020-06-09,2020,Summer,Downstream,03DRSU20.DFR,10:30:00,DFR,1,15,7.37,18.6,9.776858877,146.8960074,0,3,168.2,NA,NA
2020-06-09,2020,Summer,Downstream,03DRSU20.DM,12:00:00,DM,1,18,7.4,19.1,9.719096857,200.4321786,0.2659,6.1,167.7,NA,NA
2020-06-09,2020,Summer,Downstream,03DRSU20.DSH,11:00:00,DSH,1,14.5,7.37,18.7,9.747934496,46.01766897,0.4873,1.9,167.7,NA,NA
2020-06-09,2020,Summer,Downstream,03DRSU20.DSP,11:30:00,DSP,1,11.5,7.41,18.9,9.757799382,1125.231898,0.1485,5.1,169,NA,NA
2020-09-18,2020,Fall,Downstream,01DRFA20.DSR,11:30:00,DSR,1,17,7.47,16.4,10.36607879,81.00287859,0,12.3,195.6,NA,NA
2020-09-18,2020,Fall,Downstream,01DRFA20.DSR,11:30:00,DSR,2,15.5,7.42,16.9,10.31192838,71.21773653,0,15.2,192.8,NA,NA
2020-09-18,2020,Fall,Downstream,01DRFA20.DFR,11:55:00,DFR,1,13.5,7.41,16,10.41299811,61.99770196,0,15.3,192.8,NA,NA
2020-09-18,2020,Fall,Downstream,01DRFA20.DFR,11:55:00,DFR,2,17,7.41,16.1,10.34910898,74.65273835,0.1131,10.2,193.9,NA,NA
2020-09-18,2020,Fall,Downstream,01DRFA20.DM,12:15:00,DM,1,17,7.42,16,10.42113605,114.6139101,0.005,13.2,195.7,NA,NA
2020-09-18,2020,Fall,Downstream,01DRFA20.DM,12:15:00,DM,2,15.5,7.42,16.1,10.41408632,166.9843807,0.2669,11.7,194.3,NA,NA
2020-09-18,2020,Fall,Downstream,01DRFA20.DSH,12:30:00,DSH,1,11.5,7.39,16,10.56673577,35.54233285,0.2537,18.4,193.6,NA,NA
2020-09-18,2020,Fall,Downstream,01DRFA20.DSH,12:30:00,DSH,2,11,7.4,16.2,10.53053298,28.12940021,0.1126,14.3,193.2,NA,NA
2020-09-18,2020,Fall,Downstream,01DRFA20.DSP,12:50:00,DSP,1,13,7.46,15.8,10.65859512,162.2958516,0,11.6,193.3,NA,NA
2020-09-18,2020,Fall,Downstream,01DRFA20.DSP,12:50:00,DSP,2,10,7.47,16.1,10.56657017,143.1930897,0,13.2,193.2,NA,NA
2020-09-19,2020,Fall,Upstream,01URFA20.USR,10:20:00,USR,1,15,7.47,11.5,10.69,66,0,15.4,206.1,NA,NA
2020-09-19,2020,Fall,Upstream,01URFA20.USR,10:20:00,USR,2,15,7.48,11.5,10.94,26,0,12.6,203.5,NA,NA
2020-09-19,2020,Fall,Upstream,01URFA20.UFR,10:45:00,UFR,1,25,7.62,11.7,11.41,14,0.006,13.8,202.2,NA,NA
2020-09-19,2020,Fall,Upstream,01URFA20.UFR,10:45:00,UFR,2,21,7.61,11.7,11.37,18,0.008,9.7,203.6,NA,NA
2020-09-19,2020,Fall,Upstream,01URFA20.UM,10:30:00,UM,1,12,7.64,11.6,10.5,30,0.24,7.6,202.3,NA,NA
2020-09-19,2020,Fall,Upstream,01URFA20.UM,10:30:00,UM,2,16,7.66,11.8,11.51,37,0.17,9.5,201.9,NA,NA
2020-09-19,2020,Fall,Upstream,01URFA20.USH,11:20:00,USH,1,20.5,7.73,12.5,11.67767486,844.8605205,0.004,12.8,189.3,NA,NA
2020-09-19,2020,Fall,Upstream,01URFA20.USH,11:20:00,USH,2,19,7.74,12.6,11.70918572,21.3969031,0.018,8.9,186.6,NA,NA
2020-09-19,2020,Fall,Upstream,01URFA20.USU,11:11:00,USU,1,25.5,7.75,12.4,11.77,1171.191903,0.012,10.6,187.3,NA,NA
2020-09-19,2020,Fall,Upstream,01URFA20.USU,11:11:00,USU,2,29,7.77,12.6,11.76,1035.534171,0.011,11.6,187.2,NA,NA
2020-09-20,2020,Fall,Downstream,02DRFA20.DSR,10:56:00,DSR,1,13,7.36,14.1,11.23652132,912.7668055,0,14.4,202.4,NA,NA
2020-09-20,2020,Fall,Downstream,02DRFA20.DSR,10:56:00,DSR,2,15,7.33,14.6,11.2098828,862.1178604,0,13.6,200.2,NA,NA
2020-09-20,2020,Fall,Downstream,02DRFA20.DFR,10:51:00,DFR,1,15,7.35,13.8,10.8533352,87.8506172,0.0118,15.3,200.3,NA,NA
2020-09-20,2020,Fall,Downstream,02DRFA20.DFR,10:51:00,DFR,2,19.5,7.36,13.9,10.81670621,62.50148866,0.0664,18,202.1,NA,NA
2020-09-20,2020,Fall,Downstream,02DRFA20.DM,11:07:00,DM,1,16,7.4,14.3,10.83340387,75.4407557,0.0102,16.3,198.5,NA,NA
2020-09-20,2020,Fall,Downstream,02DRFA20.DM,11:07:00,DM,2,15.5,7.38,14.3,10.86057169,77.67095798,0.0442,16.4,201.6,NA,NA
2020-09-20,2020,Fall,Downstream,02DRFA20.DSH,10:30:00,DSH,1,17,7.35,13.8,10.76753949,526.1249077,0.3419,17.8,199.2,NA,NA
2020-09-20,2020,Fall,Downstream,02DRFA20.DSH,10:30:00,DSH,2,13,7.35,13.9,10.77786905,16.32969554,0.2737,17.4,202.5,NA,NA
2020-09-20,2020,Fall,Downstream,02DRFA20.DSP,10:20:00,DSP,1,10,7.38,13.8,10.68824421,40.26645567,0.0225,15.4,202.8,NA,NA
2020-09-20,2020,Fall,Downstream,02DRFA20.DSP,10:20:00,DSP,2,13,7.37,13.9,10.67444114,45.83312244,0.0348,18,200.7,NA,NA
2020-09-25,2020,Fall,Upstream,02URFA20.USR,12:45:00,USR,1,17,7.72,15.8,11.78,117,0,8.2,220.8,NA,NA
2020-09-25,2020,Fall,Upstream,02URFA20.USR,12:45:00,USR,2,11,7.91,15.2,11.3859319,52.54047673,0.0013,11.2,216.1,NA,NA
2020-09-25,2020,Fall,Upstream,02URFA20.UFR,13:28:00,UFR,1,28.5,8.14,15.4,11.84829751,26.07578185,1e-4,8.5,214.9,NA,NA
2020-09-25,2020,Fall,Upstream,02URFA20.UFR,13:11:00,UFR,2,36.5,8.13,15.4,11.77910022,23.20638517,1e-4,6.3,214.1,NA,NA
2020-09-25,2020,Fall,Upstream,02URFA20.UM,13:11:00,UM,1,16.5,8.19,15.4,11.84616378,193.6731106,0.3741,9.7,213.5,NA,NA
2020-09-25,2020,Fall,Upstream,02URFA20.UM,13:28:00,UM,2,15.5,8.2,15.4,11.83269979,202.7800025,0.3924,7.8,213.3,NA,NA
2020-09-25,2020,Fall,Upstream,02URFA20.USH,13:53:00,USH,1,27,8.26,15.9,11.522598,84.22758521,0.15,10.8,198,NA,NA
2020-09-25,2020,Fall,Upstream,02URFA20.USH,13:53:00,USH,2,18,8.23,15.8,11.27929512,107.7947617,0.0316,8.4,196.4,NA,NA
2020-09-25,2020,Fall,Upstream,02URFA20.USU,14:08:00,USU,1,16,8.29,15.9,11.56578531,99.3747246,0.1415,9.1,193.4,NA,NA
2020-09-25,2020,Fall,Upstream,02URFA20.USU,14:08:00,USU,2,24.5,8.3,15.8,11.53799723,153.6346063,0.1712,6.6,199.1,NA,NA
2020-09-26,2020,Fall,Downstream,03DRFA20.DSR,11:20:00,DSR,1,15,7.3,16.9,9.660964215,97.11864383,0,27.8,185.5,NA,NA
2020-09-26,2020,Fall,Downstream,03DRFA20.DSR,11:20:00,DSR,2,11,7.37,16.9,10.27726328,127.9227678,0,27.7,218.2,NA,NA
2020-09-26,2020,Fall,Downstream,03DRFA20.DFR,10:55:00,DFR,1,16,7.32,16.8,10.14517948,70.9728862,0.0986,9.8,209.3,NA,NA
2020-09-26,2020,Fall,Downstream,03DRFA20.DFR,10:55:00,DFR,2,13.5,7.35,16.8,10.16399452,60.04333496,0.0773,18.3,211,NA,NA
2020-09-26,2020,Fall,Downstream,03DRFA20.DM,11:41:00,DM,1,11,7.42,16.9,10.46110816,147.3040913,0.1319,13,201.3,NA,NA
2020-09-26,2020,Fall,Downstream,03DRFA20.DM,11:41:00,DM,2,11,7.39,16.9,10.46341864,143.1522813,0.0203,15.2,207.5,NA,NA
2020-09-26,2020,Fall,Downstream,03DRFA20.DSH,10:35:00,DSH,1,14,7.31,16.8,10.16463325,7.063399914,0.0825,14.5,215.2,NA,NA
2020-09-26,2020,Fall,Downstream,03DRFA20.DSH,10:35:00,DSH,2,14.5,7.31,16.8,10.19307661,10.52412876,0.1023,11.5,217.2,NA,NA
2020-09-26,2020,Fall,Downstream,03DRFA20.DSP,10:20:00,DSP,1,11,7.35,17,9.934626075,43.24447277,0,20,223.1,NA,NA
2020-09-26,2020,Fall,Downstream,03DRFA20.DSP,10:20:00,DSP,2,16,7.35,17,9.95184034,37.16757131,0,29.2,226.2,NA,NA
2020-09-27,2020,Fall,Upstream,03URFA20.USR,11:15:00,USR,1,16.5,7.48,17.2,10.42938439,77.03648057,0,10,229.8,NA,NA
2020-09-27,2020,Fall,Upstream,03URFA20.USR,11:15:00,USR,2,10,7.55,17.2,10.52365673,100.3620236,0,53.3,219.4,NA,NA
2020-09-27,2020,Fall,Upstream,03URFA20.UFR,12:00:00,UFR,1,29,7.8,17.1,10.95355599,46.67149034,0,13,222.7,NA,NA
2020-09-27,2020,Fall,Upstream,03URFA20.UFR,11:35:00,UFR,2,25,7.74,17,10.82536767,46.2190495,0,23.8,219.6,NA,NA
2020-09-27,2020,Fall,Upstream,03URFA20.UM,11:35:00,UM,1,13,7.81,16.9,10.96019528,153.4643406,0.2584,9.2,223.9,NA,NA
2020-09-27,2020,Fall,Upstream,03URFA20.UM,12:00:00,UM,2,13.5,7.78,16.9,10.96719808,177.0507458,0.192,19.8,223.6,NA,NA
2020-09-27,2020,Fall,Upstream,03URFA20.USH,12:45:00,USH,1,12.5,8.03,17.6,10.85944135,78.42041725,0,9.7,201.9,NA,NA
2020-09-27,2020,Fall,Upstream,03URFA20.USH,12:45:00,USH,2,17,8.03,17.4,11.02900541,71.75268129,0,9.4,203.6,NA,NA
2020-09-27,2020,Fall,Upstream,03URFA20.USU,12:25:00,USU,1,18,8.01,17.3,11.04507626,122.6850998,0.0535,6.4,200.7,NA,NA
2020-09-27,2020,Fall,Upstream,03URFA20.USU,12:25:00,USU,2,20,8.02,17.2,11.13001994,157.1717373,0.2159,8.9,204,NA,NA
2021-06-02,2021,Summer,Upstream,01URSU21.USR,13:50:00,USR,1,24,7.56,15.8,10.58,158,0.015,7.4,119.1,NA,NA
2021-06-02,2021,Summer,Upstream,01URSU21.UFR,14:06:00,UFR,1,36.5,7.56,15.4,10.58,83,0.001,8.3,119.1,NA,NA
2021-06-02,2021,Summer,Upstream,01URSU21.UM,14:20:00,UM,1,32,7.54,15.7,10.59,122,0.6,6,114.6,NA,NA
2021-06-02,2021,Summer,Upstream,01URSU21.USH,14:51:00,USH,1,21,7.54,15.6,10.64,138,0.464,5.6,108.5,NA,NA
2021-06-02,2021,Summer,Upstream,01URSU21.USU,14:41:00,USU,1,21,7.54,15.6,10.68,226,0.272,6.4,107.6,NA,NA
2021-06-03,2021,Summer,Downstream,01DRSU21.DSR,13:33:00,DSR,1,12.9,7.46,17.1,10.37,143,0.298,7.8,125.1,NA,NA
2021-06-03,2021,Summer,Downstream,01DRSU21.DFR,13:45:00,DFR,1,14.75,7.46,17,10.29,113,0.213,8.6,122.5,NA,NA
2021-06-03,2021,Summer,Downstream,01DRSU21.DM,14:03:00,DM,1,26,7.42,16.9,10.31,250,0.216,8.6,121.9,NA,NA
2021-06-03,2021,Summer,Downstream,01DRSU21.DSH,14:11:00,DSH,1,18,7.42,17.1,10.29,60,0.59,10,122.1,NA,NA
2021-06-03,2021,Summer,Downstream,01DRSU21.DSP,14:23:00,DSP,1,12,7.42,16.9,10.37,253,0.233,9.6,122.9,NA,NA
2021-06-07,2021,Summer,Upstream,02URSU21.USR,09:58:00,USR,1,21,7.54,20.1,9.49,74,0,7.7,150.7,NA,NA
2021-06-07,2021,Summer,Upstream,02URSU21.USR,10:06:00,USR,2,18,7.51,20.1,9.54,98,0,8.8,149.2,NA,NA
2021-06-07,2021,Summer,Upstream,02URSU21.UFR,10:45:00,UFR,1,25,7.56,20.4,9.58,57,0.001,9.2,147.7,NA,NA
2021-06-07,2021,Summer,Upstream,02URSU21.UFR,11:00:00,UFR,2,31,7.6,20.5,9.64,42,0,9.3,145.3,NA,NA
2021-06-07,2021,Summer,Upstream,02URSU21.UM,10:20:00,UM,1,13,7.56,20.3,9.59,137,0.705,9.6,146.3,NA,NA
2021-06-07,2021,Summer,Upstream,02URSU21.UM,10:39:00,UM,2,12,7.53,20.4,9.61,186,0.326,10.1,144.9,NA,NA
2021-06-07,2021,Summer,Upstream,02URSU21.USH,11:37:00,USH,1,22,7.66,21,9.65,205,0.221,8.6,131.8,NA,NA
2021-06-07,2021,Summer,Upstream,02URSU21.USH,11:48:00,USH,2,22.5,7.68,21.2,9.6,131,0.023,9.2,131.4,NA,NA
2021-06-07,2021,Summer,Upstream,02URSU21.USU,11:12:00,USU,1,7,7.69,21.3,9.67,1253,0.034,12.9,133.8,NA,NA
2021-06-07,2021,Summer,Upstream,02URSU21.USU,11:26:00,USU,2,22,7.68,21,9.66,791,0.182,7.9,132.4,NA,NA
2021-06-08,2021,Summer,Downstream,02DRSU21.DSR,10:07:00,DSR,1,21.5,7.31,21.3,8.83,461,0.093,9.9,149.3,NA,NA
2021-06-08,2021,Summer,Downstream,02DRSU21.DSR,10:07:00,DSR,2,22,7.32,23.2,8.82,609,0.062,10.5,142.2,NA,NA
2021-06-08,2021,Summer,Downstream,02DRSU21.DFR,10:30:00,DFR,1,21,7.28,21.6,8.82,1087,0.221,10.6,139.1,NA,NA
2021-06-08,2021,Summer,Downstream,02DRSU21.DFR,10:30:00,DFR,2,25.1,7.27,23.5,8.81,1129,0.174,7.4,148.1,NA,NA
2021-06-08,2021,Summer,Downstream,02DRSU21.DM,11:12:00,DM,1,20.5,7.31,23.2,8.72,185,0.069,15.6,146.6,NA,NA
2021-06-08,2021,Summer,Downstream,02DRSU21.DM,11:12:00,DM,2,16.5,7.27,23.1,8.72,182,0.096,10.9,142.1,NA,NA
2021-06-08,2021,Summer,Downstream,02DRSU21.DSH,11:38:00,DSH,1,14.4,7.3,24,8.79,36,0.391,10.2,144.8,NA,NA
2021-06-08,2021,Summer,Downstream,02DRSU21.DSH,11:38:00,DSH,2,18.5,7.29,23.8,8.82,66,0.408,15.2,148.6,NA,NA
2021-06-08,2021,Summer,Downstream,02DRSU21.DSP,12:00:00,DSP,1,5,7.23,23.4,8.69,203,0.294,10.8,144.5,NA,NA
2021-06-08,2021,Summer,Downstream,02DRSU21.DSP,12:00:00,DSP,2,7.5,7.22,23.3,8.74,904,0.313,9.6,149.6,NA,NA
2021-06-10,2021,Summer,Upstream,03URSU21.USR,13:46:00,USR,1,21.5,7.6,21.8,9.64,132,0,14.2,152.4,NA,NA
2021-06-10,2021,Summer,Upstream,03URSU21.USR,13:46:00,USR,2,29,7.76,21.8,9.65,177,0.002,16.1,151,NA,NA
2021-06-10,2021,Summer,Upstream,03URSU21.UFR,14:12:00,UFR,1,32,7.77,21.9,9.6,1327,0.059,8.4,147.7,NA,NA
2021-06-10,2021,Summer,Upstream,03URSU21.UFR,14:22:00,UFR,2,29.5,7.74,22,9.56,1255,0.2,8.1,148,NA,NA
2021-06-10,2021,Summer,Upstream,03URSU21.UM,14:31:00,UM,1,14,7.78,22,9.51,1190,0.51,8.2,144.9,NA,NA
2021-06-10,2021,Summer,Upstream,03URSU21.UM,14:43:00,UM,2,12,7.78,22.1,9.49,1248,0.31,5.5,144.1,NA,NA
2021-06-10,2021,Summer,Upstream,03URSU21.USH,15:06:00,USH,1,25.5,7.74,22.1,9.33,350,0.241,7.5,135.7,NA,NA
2021-06-10,2021,Summer,Upstream,03URSU21.USH,15:17:00,USH,2,19.9,7.71,22.1,9.29,25,0.003,8.9,136.8,NA,NA
2021-06-10,2021,Summer,Upstream,03URSU21.USU,14:52:00,USU,1,15,7.74,21.9,9.38,1001,0.211,9.3,137,NA,NA
2021-06-10,2021,Summer,Upstream,03URSU21.USU,15:03:00,USU,2,17.5,7.75,22.1,9.36,1227,0.143,7.3,135.8,NA,NA
2021-06-11,2021,Summer,Downstream,03DRSU21.DSR,13:35:00,DSR,1,14.5,7.39,20.7,9.24,63,0,10.6,155.6,NA,NA
2021-06-11,2021,Summer,Downstream,03DRSU21.DSR,13:38:00,DSR,2,19.5,7.4,20.7,9.24,103,0,9.7,152.5,NA,NA
2021-06-11,2021,Summer,Downstream,03DRSU21.DFR,13:59:00,DFR,1,16.5,7.38,20.8,9.28,166,0.094,8.4,152.1,NA,NA
2021-06-11,2021,Summer,Downstream,03DRSU21.DFR,14:02:00,DFR,2,20.5,7.37,20.8,9.31,149,0.02,7.7,151.5,NA,NA
2021-06-11,2021,Summer,Downstream,03DRSU21.DM,14:20:00,DM,1,14.5,7.35,20.5,9.32,402,0.08,9.2,152.4,NA,NA
2021-06-11,2021,Summer,Downstream,03DRSU21.DM,14:25:00,DM,2,16,7.34,20.6,9.32,297,0.083,9,153,NA,NA
2021-06-11,2021,Summer,Downstream,03DRSU21.DSH,14:35:00,DSH,1,14,7.35,20.6,9.32,124,0.483,8.2,151.5,NA,NA
2021-06-11,2021,Summer,Downstream,03DRSU21.DSH,14:40:00,DSH,2,18,7.34,20.7,9.31,57,0.437,10.3,151.7,NA,NA
2021-06-11,2021,Summer,Downstream,03DRSU21.DSP,15:55:00,DSP,1,4.5,7.36,20.1,9.38,209,0.139,8.4,152.2,NA,NA
2021-06-11,2021,Summer,Downstream,03DRSU21.DSP,15:58:00,DSP,2,11.5,7.36,20.4,9.33,250,0.238,10,150.1,NA,NA
2021-09-22,2021,Fall,Upstream,01URFA21.USR,14:26:00,USR,1,19,7.79,18.9,10.31,94,0.005,9.5,143.6,NA,NA
2021-09-22,2021,Fall,Upstream,01URFA21.UFR,14:30:00,UFR,1,29.3,7.8,18.3,10.37,40,0.006,10.5,141.5,NA,NA
2021-09-22,2021,Fall,Upstream,01URFA21.UM,14:20:00,UM,1,25,7.83,18.5,10.38,112,0.279,5.1,148.8,NA,NA
2021-09-22,2021,Fall,Upstream,01URFA21.USH,15:03:00,USH,1,20.5,7.72,19.6,9.65,32,0.695,4.6,128.1,NA,NA
2021-09-22,2021,Fall,Upstream,01URFA21.USU,15:00:00,USU,1,30,7.77,19.6,9.99,132,0.217,2.9,126.9,NA,NA
2021-09-23,2021,Fall,Downstream,01DRFA21.DSR,14:00:00,DSR,1,24,7.46,20.5,9.73,53,NA,8.7,144.9,NA,NA
2021-09-23,2021,Fall,Downstream,01DRFA21.DFR,14:10:00,DFR,1,12.5,7.42,20.8,9.6,50,NA,7.5,140.4,NA,NA
2021-09-23,2021,Fall,Downstream,01DRFA21.DM,14:16:00,DM,1,19,7.43,20.3,9.67,192,NA,2.9,140.1,NA,NA
2021-09-23,2021,Fall,Downstream,01DRFA21.DSH,14:20:00,DSH,1,30,7.44,20.3,9.76,54,NA,6.2,141,NA,NA
2021-09-23,2021,Fall,Downstream,01DRFA21.DSP,14:26:00,DSP,1,14,7.4,20.1,9.64,235,0.126,NA,NA,NA,NA
2021-09-28,2021,Fall,Downstream,02DRFA21.DSR,14:15:00,DSR,1,39,7.29,16.4,NA,NA,NA,7.5,132,NA,NA
2021-09-28,2021,Fall,Downstream,02DRFA21.DFR,13:55:00,DFR,1,15,7.32,16.9,NA,NA,NA,8.3,134.3,NA,NA
2021-09-28,2021,Fall,Downstream,02DRFA21.DM,14:10:00,DM,1,28.5,7.28,16.4,NA,NA,NA,8.1,126.2,NA,NA
2021-09-28,2021,Fall,Downstream,02DRFA21.DSH,14:00:00,DSH,1,30,7.28,16.4,NA,NA,NA,7.9,132.2,NA,NA
2021-09-28,2021,Fall,Downstream,02DRFA21.DSP,14:05:00,DSP,1,10,7.29,16.2,NA,NA,NA,7.4,132.1,NA,NA
2021-09-29,2021,Fall,Downstream,03DRFA21.DSR,13:50:00,DSR,1,21,7.43,16.2,10.61,42,0.004,21.1,135.9,NA,NA
2021-09-29,2021,Fall,Downstream,03DRFA21.DFR,14:05:00,DFR,1,18,7.38,15.8,10.47,55,0.489,8.6,131.3,NA,NA
2021-09-29,2021,Fall,Downstream,03DRFA21.DM,13:58:00,DM,1,27,7.38,15.5,10.61,593,0.334,5,131,NA,NA
2021-09-29,2021,Fall,Downstream,03DRFA21.DSH,14:13:00,DSH,1,20,7.43,16.1,10.72,36,0.025,12.9,136.1,NA,NA
2021-09-29,2021,Fall,Downstream,03DRFA21.DSP,14:20:00,DSP,1,19.5,7.38,15.1,10.56,73,0.204,5.9,131.1,NA,NA
2021-09-30,2021,Fall,Upstream,02URFA21.USR,14:03:00,USR,1,20.5,7.65,14.3,11.23,82,0.039,6.9,135.6,NA,NA
2021-09-30,2021,Fall,Upstream,02URFA21.UFR,14:11:00,UFR,1,32,7.68,14.2,11.26,44,0.08,7.3,136.4,NA,NA
2021-09-30,2021,Fall,Upstream,02URFA21.UM,13:52:00,UM,1,27,7.72,14.6,11.27,125,0.256,7.6,133.2,NA,NA
2021-09-30,2021,Fall,Upstream,02URFA21.USH,14:40:00,USH,1,29.5,7.7,14.2,11.21,17,0.155,7.8,123.8,NA,NA
2021-09-30,2021,Fall,Upstream,02URFA21.USU,14:50:00,USU,1,22,7.69,14,11.22,69,0.09,6,124,NA,NA
2022-05-31,2022,Summer,Upstream,01URSU22.USR,13:40:00,USR,1,21.8,7.83,21.6,9.71,116,0,4.1,77.2,0.9,NA
2022-05-31,2022,Summer,Upstream,01URSU22.USR,13:40:00,USR,2,18,7.86,21.6,9.61,170,0,4.5,76.6,0.8,NA
2022-05-31,2022,Summer,Upstream,01URSU22.UFR,13:57:00,UFR,1,22.5,7.83,22,9.49,26,0.001,2.2,77.6,0.8,NA
2022-05-31,2022,Summer,Upstream,01URSU22.UFR,14:01:00,UFR,2,38,7.82,21.9,9.57,26,0.036,4.1,77.2,0.8,NA
2022-05-31,2022,Summer,Upstream,01URSU22.UM,13:00:00,UM,1,22.5,7.91,21.3,9.66,586,0.5,2.7,77.2,0.9,NA
2022-05-31,2022,Summer,Upstream,01URSU22.UM,13:00:00,UM,2,26,7.91,21.4,9.75,306,0.301,2.8,76.2,0.9,NA
2022-05-31,2022,Summer,Upstream,01URSU22.USH,15:03:00,USH,1,21,7.72,22.3,9.23,171,0.198,1.4,69.7,0.8,NA
2022-05-31,2022,Summer,Upstream,01URSU22.USH,15:03:00,USH,2,21.5,7.71,22.3,9.23,594,0.126,3.6,69.9,0.8,NA
2022-05-31,2022,Summer,Upstream,01URSU22.USU,14:40:00,USU,1,11.9,7.78,23,9.16,1257,0.215,3.6,70.5,0.7,NA
2022-05-31,2022,Summer,Upstream,01URSU22.USU,14:43:00,USU,2,27.5,7.8,22.4,9.18,756,0.261,1.9,68.8,0.7,NA
2022-06-01,2022,Summer,Downstream,01DRSU22.DSR,12:28:00,DSR,1,17,7.4,20,9.25,110,0.036,7.2,78.2,1.1,NA
2022-06-01,2022,Summer,Downstream,01DRSU22.DFR,12:37:00,DFR,1,16.5,7.38,20,9.27,100,0.123,6,76.5,0.9,NA
2022-06-01,2022,Summer,Downstream,01DRSU22.DM,12:50:00,DM,1,20.5,7.38,19.7,9.18,101,0.043,6.3,76.7,0.8,NA
2022-06-01,2022,Summer,Downstream,01DRSU22.DSH,12:56:00,DSH,1,12,7.37,19.6,9.23,27,0.261,5,77.1,0.8,NA
2022-06-01,2022,Summer,Downstream,01DRSU22.DSP,13:11:00,DSP,1,15,7.36,19.6,9.17,131,0.278,6.2,75.9,0.8,NA
2022-06-06,2022,Summer,Upstream,02URSU22.USR,14:00:00,USR,1,20.5,7.7,19.1,9.81,123,0,13.7,86.4,1,NA
2022-06-06,2022,Summer,Upstream,02URSU22.USR,14:02:00,USR,2,19,NA,NA,9.94,122,0,NA,NA,NA,NA
2022-06-06,2022,Summer,Upstream,02URSU22.UFR,13:25:00,UFR,1,31.5,7.72,18.6,9.96,47,0.029,1.1,85.6,1,NA
2022-06-06,2022,Summer,Upstream,02URSU22.UFR,13:45:00,UFR,2,33,NA,NA,9.89,45,0.024,NA,NA,NA,NA
2022-06-06,2022,Summer,Upstream,02URSU22.UM,13:20:00,UM,1,18,7.73,18.8,9.98,1490,0.381,3.4,86,1.1,NA
2022-06-06,2022,Summer,Upstream,02URSU22.UM,13:29:00,UM,2,15,7.76,18.7,9.98,1597,0.104,NA,NA,NA,NA
2022-06-06,2022,Summer,Upstream,02URSU22.USH,14:50:00,USH,1,19,7.71,19.8,9.42,269,NA,4,77.3,1,NA
2022-06-06,2022,Summer,Upstream,02URSU22.USH,14:55:00,USH,2,27.5,7.7,19.7,9.38,92,NA,NA,NA,NA,NA
2022-06-06,2022,Summer,Upstream,02URSU22.USU,14:25:00,USU,1,25.5,7.71,19.5,9.71,513,0.218,2.5,77.6,1,NA
2022-06-06,2022,Summer,Upstream,02URSU22.USU,14:29:00,USU,2,17,7.72,19.4,9.71,1036,0.166,NA,NA,NA,NA
2022-06-07,2022,Summer,Downstream,02DRSU22.DSR,13:06:00,DSR,1,23,7.42,19.9,9.19,193,0.357,7.4,86.6,1,NA
2022-06-07,2022,Summer,Downstream,02DRSU22.DFR,13:32:00,DFR,1,13,7.46,20,9.16,110,0.094,6.6,86.9,0.9,NA
2022-06-07,2022,Summer,Downstream,02DRSU22.DM,13:30:00,DM,1,17,7.45,19.9,9.16,224,0.106,4.5,86.2,1,NA
2022-06-07,2022,Summer,Downstream,02DRSU22.DSH,13:52:00,DSH,1,13,7.44,19.9,9.16,34,0.41,8.4,85.8,0.9,NA
2022-06-07,2022,Summer,Downstream,02DRSU22.DSP,13:57:00,DSP,1,11.5,7.45,19.8,9.11,629,0.201,4.7,85.6,0.9,NA
2022-06-13,2022,Summer,Upstream,03URSU22.USR,13:30:00,USR,1,16,7.74,20,9.39,193,0.001,8.7,82.6,1,NA
2022-06-13,2022,Summer,Upstream,03URSU22.USR,13:30:00,USR,2,12.5,7.75,20,9.44,281,0.004,NA,NA,NA,NA
2022-06-13,2022,Summer,Upstream,03URSU22.UFR,13:52:00,UFR,1,37.5,7.74,20.2,9.41,30,0.006,7.7,80.3,1.1,NA
2022-06-13,2022,Summer,Upstream,03URSU22.UFR,13:52:00,UFR,2,36,7.73,20.3,9.41,58,0,NA,NA,NA,NA
2022-06-13,2022,Summer,Upstream,03URSU22.UM,13:10:00,UM,1,9.5,7.75,20.1,9.56,1432,0.638,3.8,81.8,1.1,NA
2022-06-13,2022,Summer,Upstream,03URSU22.UM,13:10:00,UM,2,22.5,7.76,20.2,9.5,1412,0.379,NA,NA,NA,NA
2022-06-13,2022,Summer,Upstream,03URSU22.USH,14:38:00,USH,1,19,7.74,20.7,9.19,47,0.17,6.6,74.3,1,NA
2022-06-13,2022,Summer,Upstream,03URSU22.USH,NA,USH,2,19,7.74,20.8,9.16,70,0.119,NA,NA,NA,NA
2022-06-13,2022,Summer,Upstream,03URSU22.USU,14:20:00,USU,1,14,7.78,20.6,9.24,686,0.093,5.8,72.7,1,NA
2022-06-13,2022,Summer,Upstream,03URSU22.USU,14:24:00,USU,2,21,7.77,20.7,9.21,1103,0.151,NA,NA,NA,NA
2022-06-14,2022,Summer,Downstream,03DRSU22.DSR,13:07:00,DSR,1,12,7.43,22.2,8.7,23,0.002,11.6,82.6,1,NA
2022-06-14,2022,Summer,Downstream,03DRSU22.DFR,13:23:00,DFR,1,13,7.46,22.7,8.87,42,0.064,10.4,80.8,0.9,NA
2022-06-14,2022,Summer,Downstream,03DRSU22.DM,13:11:00,DM,1,16,7.47,22.5,8.81,1531,0.025,9.2,81.2,0.9,NA
2022-06-14,2022,Summer,Downstream,03DRSU22.DSH,13:33:00,DSH,1,13.5,7.44,22.8,8.92,18,0.582,9.8,80.6,0.9,NA
2022-06-14,2022,Summer,Downstream,03DRSU22.DSP,13:45:00,DSP,1,11,7.5,23.8,8.94,1546,0.43,7.7,80,0.9,NA
2022-09-21,2022,Fall,Upstream,01URFA22.USR,14:19:00,USR,1,16.7,8.01,18.3,9.720615124,83.28507586,8.55981e-4,10,94.2,0.9,37
2022-09-21,2022,Fall,Upstream,01URFA22.UFR,14:24:00,UFR,1,36,8.02,18.4,9.854552039,21.35951345,0.012391253,6.6,95.4,0.9,38
2022-09-21,2022,Fall,Upstream,01URFA22.UM,14:28:00,UM,1,24,8.07,18.5,9.635001358,974.377888,0.122987701,5.7,93.1,1,38
2022-09-21,2022,Fall,Upstream,01URFA22.USH,14:44:00,USH,1,22.9,8.03,18.6,9.502418905,69.36329167,0.186542511,3.4,86.9,1,43
2022-09-21,2022,Fall,Upstream,01URFA22.USU,14:36:00,USU,1,34,8.03,18.6,9.359403101,39.63842625,0.058738895,6.7,89,1.1,38
2022-09-22,2022,Fall,Downstream,01DRFA22.DSR,14:14:00,DSR,1,27.9,7.38,18.6,9.15,NA,NA,17.6,96.6,1.1,37
2022-09-22,2022,Fall,Downstream,01DRFA22.DFR,14:22:00,DFR,1,24.5,7.41,18.3,9.32,NA,NA,16.1,91.2,0.9,40
2022-09-22,2022,Fall,Downstream,01DRFA22.DM,14:25:00,DM,1,18,7.46,18,9.22,NA,NA,16.5,94.6,0.9,44
2022-09-22,2022,Fall,Downstream,01DRFA22.DSH,14:29:00,DSH,1,26,7.48,18.1,9.2,NA,NA,13.8,92.9,0.9,42
2022-09-22,2022,Fall,Downstream,01DRFA22.DSP,14:39:00,DSP,1,18.33,7.45,18.4,9.43,NA,NA,14.6,87.3,0.9,46
2022-09-27,2022,Fall,Upstream,02URFA22.USR,14:10:00,USR,1,14,7.61,NA,10.41,NA,NA,13.7,102.5,1,35
2022-09-27,2022,Fall,Upstream,02URFA22.UFR,14:15:00,UFR,1,26,7.84,NA,10.88,NA,NA,7.5,18.4,1,36
2022-09-27,2022,Fall,Upstream,02URFA22.UM,14:10:00,UM,1,20,7.77,NA,10.37,NA,NA,7.6,64.1,0.9,35
2022-09-27,2022,Fall,Upstream,02URFA22.USH,14:45:00,USH,1,24,7.85,16.5,10.86,NA,NA,10.5,93.1,1,36
2022-09-27,2022,Fall,Upstream,02URFA22.USU,14:30:00,USU,1,5,7.88,17.2,10.67,NA,NA,8.4,94.6,0.9,36
2022-09-28,2022,Fall,Downstream,02DRFA22.DSR,11:58:00,DSR,1,13,7.55,16.3,9.945240093,350.7764949,0,10.1,103.4,1,37
2022-09-28,2022,Fall,Downstream,02DRFA22.DFR,12:20:00,DFR,1,12,7.6,16,9.710737046,179.1854338,0.001819784,8,101.8,1,36
2022-09-28,2022,Fall,Downstream,02DRFA22.DM,12:41:00,DM,1,11,7.58,15.9,10.21395768,25.67557401,0.285213382,11.7,100.9,1,35
2022-09-28,2022,Fall,Downstream,02DRFA22.DSH,13:09:00,DSH,1,10,7.57,16.4,10.23550903,25.69420393,0.245043732,9.2,101.6,1,36
2022-09-28,2022,Fall,Downstream,02DRFA22.DSP,13:30:00,DSP,1,7,7.65,16.2,10.0070632,144.4377456,0.444162058,12.4,102,1,40
2022-09-29,2022,Fall,Upstream,03URFA22.USR,14:15:00,USR,1,33,7.79,14.1,10.58063841,35.44391041,0.01444642,10.2,106.3,1,36
2022-09-29,2022,Fall,Upstream,03URFA22.UFR,14:19:00,UFR,1,31,8.22,14.2,10.82176761,29.17219953,0.007272116,7.5,107.5,1,36
2022-09-29,2022,Fall,Upstream,03URFA22.UM,14:10:00,UM,1,22,8.3,14.4,10.67100898,101.6765688,0.094742193,10,103.2,1,37
2022-09-29,2022,Fall,Upstream,03URFA22.USH,14:03:00,USH,1,17,8.27,14.5,10.56457069,30.46826618,0.089593283,8.7,97.3,1,36
2022-09-29,2022,Fall,Upstream,03URFA22.USU,14:00:00,USU,1,36,8.29,15.1,10.51223646,136.7317758,0.287123889,7.6,98.8,0.9,36
2022-10-03,2022,Fall,Downstream,03DRFA22.DSR,14:30:00,DSR,1,18,7.45,13.5,10.36,NA,NA,14.7,114.6,1.1,42
2022-10-03,2022,Fall,Downstream,03DRFA22.DFR,14:50:00,DFR,1,8,7.63,12.6,10.5,NA,NA,11.6,115.6,1.1,40
2022-10-03,2022,Fall,Downstream,03DRFA22.DM,14:40:00,DM,1,10.5,7.63,12.7,10.52,NA,NA,10.9,116.2,1.1,41
2022-10-03,2022,Fall,Downstream,03DRFA22.DSH,14:55:00,DSH,1,NA,7.63,12.9,10.45,NA,NA,14.6,115,1,42
2022-10-03,2022,Fall,Downstream,03DRFA22.DSP,15:00:00,DSP,1,15.4,7.68,12.7,10.62,NA,NA,12,114.7,1,39
2023-05-31,2023,Summer,Downstream,01DRSU23.DSR,13:15:00,DSR,1,17.8,7.34,17.4,10.23356994,25.09140387,0,11.6,77,1.3,24
2023-05-31,2023,Summer,Downstream,01DRSU23.DFR,13:40:00,DFR,1,13,7.36,17.6,10.37158409,44.67568746,0.191912767,8.2,76,1.3,23
2023-05-31,2023,Summer,Downstream,01DRSU23.DM,13:40:00,DM,1,25,7.36,17.5,10.34766649,26.12695461,0.112459136,11.1,76,1.2,32
2023-05-31,2023,Summer,Downstream,01DRSU23.DSH,14:22:00,DSH,1,18,7.41,17.7,10.44666981,16.11476991,0.309896702,12.2,74.4,1.3,32
2023-05-31,2023,Summer,Downstream,01DRSU23.DSP,14:15:00,DSP,1,13.8,7.38,17.7,10.42663097,1350.614036,0.199337471,11.1,74.6,1.4,30
2023-06-01,2023,Summer,Upstream,01URSU23.USR,13:22:00,USR,1,27.2,7.73,18.9,10.43942538,72.76579391,-2.30656e-4,7.2,78.4,1.1,27
2023-06-01,2023,Summer,Upstream,01URSU23.USR,13:22:00,USR,2,22,7.71,18.9,10.45293867,77.0897089,0.072353274,NA,NA,NA,NA
2023-06-01,2023,Summer,Upstream,01URSU23.UFR,13:51:00,UFR,1,34.3,7.73,19.4,10.44373387,88.72520633,0.099959955,5.6,76.4,1.1,27
2023-06-01,2023,Summer,Upstream,01URSU23.UFR,13:51:00,UFR,2,36.7,7.75,19.4,10.42868994,56.19249846,0.027141571,NA,NA,NA,NA
2023-06-01,2023,Summer,Upstream,01URSU23.UM,14:17:00,UM,1,22.7,7.79,19.8,11.80903318,1203.393271,0.707030185,5.7,74.2,1.2,30
2023-06-01,2023,Summer,Upstream,01URSU23.UM,14:17:00,UM,2,18.4,7.75,19.8,10.21457335,1213.241577,0.02744349,NA,NA,NA,NA
2023-06-01,2023,Summer,Upstream,01URSU23.USH,15:03:00,USH,1,17.8,7.65,19.9,10.11618953,294.4560533,0.207602683,9.6,70,1.2,29
2023-06-01,2023,Summer,Upstream,01URSU23.USH,15:05:00,USH,2,18.6,7.66,19.9,10.06230182,93.95954221,0.071634692,NA,NA,NA,NA
2023-06-01,2023,Summer,Upstream,01URSU23.USU,14:48:00,USU,1,20,7.64,20.2,10.07645648,1229.508866,0.069661695,5.4,68.5,1.2,24
2023-06-01,2023,Summer,Upstream,01URSU23.USU,14:48:00,USU,2,14,7.65,20,9.930486135,1132.2,0.044193711,NA,NA,NA,NA
2023-06-05,2023,Summer,Upstream,02URSU23.USR,13:23:00,USR,1,24,7.64,14.1,10.73,163,0,17.3,74.6,0.8,30
2023-06-05,2023,Summer,Upstream,02URSU23.UFR,13:52:00,UFR,1,34,7.64,14.2,11.08,49,0.015,8.9,68,0.8,25
2023-06-05,2023,Summer,Upstream,02URSU23.UM,14:15:00,UM,1,22.8,7.67,14.2,11.06,60,0.056,6.1,70.6,1,28
2023-06-05,2023,Summer,Upstream,02URSU23.USH,15:05:00,USH,1,27,7.63,14.3,11.04,67,0.053,5.1,66,0.8,30
2023-06-05,2023,Summer,Upstream,02URSU23.USU,14:42:00,USU,1,15.7,7.6,14.3,10.9,447,0.259,4.9,62.7,0.9,33
2023-06-06,2023,Summer,Downstream,02DRSU23.DSR,10:41:00,DSR,1,33.5,7.34,14.9,10.45987012,283.5269307,0.164108276,9.2,75,0.9,10
2023-06-06,2023,Summer,Downstream,02DRSU23.DFR,10:46:00,DFR,1,12.9,7.34,14.7,10.4671091,367.5034989,0.141278644,4.3,75.1,0.9,25
2023-06-06,2023,Summer,Downstream,02DRSU23.DM,11:00:00,DM,1,17.5,7.33,14.7,10.6116206,348.2712147,0.115191437,5.8,75.3,0.9,19
2023-06-06,2023,Summer,Downstream,02DRSU23.DSH,11:18:00,DSH,1,18.6,7.33,14.8,10.55551456,224.6865561,0.193916143,3.9,73.5,0.9,31
2023-06-06,2023,Summer,Downstream,02DRSU23.DSP,11:22:00,DSP,1,16,7.33,14.7,10.63974854,440.1894503,0.206087689,8.4,76.7,0.8,33
2023-06-07,2023,Summer,Upstream,03URSU23.USR,09:53:00,USR,1,22,7.64,14.5,10.93381833,81.36039556,0.04441727,8.8,79.7,0.7,31
2023-06-07,2023,Summer,Upstream,03URSU23.UFR,10:05:00,UFR,1,18,7.64,14.3,10.91164883,78.48548889,0.086839676,6.2,77.1,0.9,29
2023-06-07,2023,Summer,Upstream,03URSU23.UM,10:26:00,UM,1,12,7.67,14.4,10.95913111,343.3538038,0.305305304,15.5,76.9,1,28
2023-06-07,2023,Summer,Upstream,03URSU23.USH,11:16:00,USH,1,21.5,7.68,14.7,10.7447,39.13507,0.06132,9,71.3,1,29
2023-06-07,2023,Summer,Upstream,03URSU23.USU,11:00:00,USU,1,17.5,7.7,14.7,10.84081,815.0296,0.226867,5.1,70.9,1,25
2023-06-08,2023,Summer,Downstream,03DRSU23.DSR,13:33:00,DSR,1,15,7.39,14.7,10.34772111,28.33699071,0.001076987,4.8,79.1,0.7,29
2023-06-08,2023,Summer,Downstream,03DRSU23.DFR,13:36:00,DFR,1,19,7.39,14.6,10.42029229,118.2041612,0.393627078,4.1,74.2,0.6,31
2023-06-08,2023,Summer,Downstream,03DRSU23.DM,13:45:00,DM,1,13.7,7.4,14.8,10.53167158,388.9921235,0.140821876,2.3,76.3,0.7,28
2023-06-08,2023,Summer,Downstream,03DRSU23.DSH,13:59:00,DSH,1,21.2,7.37,15,10.55743076,44.057092,0.672499191,3.7,77.3,1.1,29
2023-06-08,2023,Summer,Downstream,03DRSU23.DSP,13:51:00,DSP,1,13.5,7.41,14.8,10.54763684,436.5033882,0.248840687,3.8,71.9,0.7,26
2023-09-26,2023,Fall,Downstream,01DRFA23.DSR,14:09:00,DSR,1,31.5,7.1,14.9,10.77,19,0.002,9.2,59.4,1.2,26
2023-09-26,2023,Fall,Downstream,01DRFA23.DFR,14:23:00,DFR,1,24,7.35,15,11.01,34,0.231,10,54.8,1.4,28
2023-09-26,2023,Fall,Downstream,01DRFA23.DM,14:36:00,DM,1,22,7.35,15.2,11.07,145,0.357,11,53.9,1.3,28
2023-09-26,2023,Fall,Downstream,01DRFA23.DSH,14:32:00,DSH,1,29,7.37,15.1,10.98,16,0.214,11.1,53.9,1.2,26
2023-09-26,2023,Fall,Downstream,01DRFA23.DSP,14:45:00,DSP,1,23,7.15,15.3,11,223,0.367,9.1,54.1,1.4,27
2023-09-27,2023,Fall,Upstream,01URFA23.USR,14:57:00,USR,1,23,7.53,13.7,11.35,217,0.001,10.9,65.7,1.9,30
2023-09-27,2023,Fall,Upstream,01URFA23.UFR,15:02:00,UFR,1,26,7.51,13.7,11.3,15,0.07,9.4,66.3,2.3,30
2023-09-27,2023,Fall,Upstream,01URFA23.UM,14:51:00,UM,1,22,7.5,13.7,11.45,772,0.51,10,64.8,1.8,29
2023-09-27,2023,Fall,Upstream,01URFA23.USH,14:40:00,USH,1,40,7.5,13.7,11.44,45,0.305,8.4,59.8,1.6,31
2023-09-27,2023,Fall,Upstream,01URFA23.USU,14:31:00,USU,1,26,7.57,13.7,11.37,252,0.382,8.6,60.3,1.5,29
2023-09-28,2023,Fall,Upstream,02URFA23.USR,14:42:00,USR,1,19.5,7.68,13.5,11.30920039,54.48969399,0.093140021,13.9,71.2,2,31
2023-09-28,2023,Fall,Upstream,02URFA23.UFR,14:47:00,UFR,1,46.5,7.66,13.6,11.1568456,34.20201744,0.080810175,12.8,70.8,1.9,27
2023-09-28,2023,Fall,Upstream,02URFA23.UM,14:39:00,UM,1,15,7.68,13.6,11.44737168,482.0539893,0.171557171,8.6,69,1.6,29
2023-09-28,2023,Fall,Upstream,02URFA23.USH,14:29:00,USH,1,40,7.69,13.5,11.20922945,23.98048959,0.292133238,14.4,63.7,1.6,28
2023-09-28,2023,Fall,Upstream,02URFA23.USU,14:24:00,USU,1,16,7.63,13.5,11.40245588,53.59463575,0.341463787,7.7,65.5,1.5,31
2023-10-02,2023,Fall,Downstream,02DRFA23.DSR,14:11:00,DSR,1,29,7.4,16.2,10.45870305,25.6729126,0.216369629,16.4,58.2,0.9,28
2023-10-02,2023,Fall,Downstream,02DRFA23.DFR,14:40:00,DFR,1,21.5,7.4,16.2,10.52448472,21.70562744,0.061187744,12.1,57.4,1.2,25
2023-10-02,2023,Fall,Downstream,02DRFA23.DM,15:00:00,DM,1,29.5,7.46,16.2,10.61239762,25.61801817,0.32675022,10.1,56.1,1.2,26
2023-10-02,2023,Fall,Downstream,02DRFA23.DSH,15:28:00,DSH,1,17,7.44,16.4,10.58451856,25.631044,0.440854328,7.9,57,1.3,26
2023-10-02,2023,Fall,Downstream,02DRFA23.DSP,15:40:00,DSP,1,28,7.48,16.3,10.57499949,55.359631,0.736966017,9.8,56.7,1.3,26
2024-05-31,2024,Summer,Upstream,01URSU24.USR,07:26:00,USR,1,24,7.38,15.5,10.19790029,67.2,0.158,10.4,51.1,1.3,35
2024-05-31,2024,Summer,Upstream,01URSU24.UFR,14:03:00,UFR,1,40,7.34,15.7,10.3138163,13,0.014,9.2,48.6,1.3,35
2024-05-31,2024,Summer,Upstream,01URSU24.UM,14:03:00,UM,1,37,7.39,15.9,10.2,611.8,0.466,7.3,49.2,1.6,33
2024-05-31,2024,Summer,Upstream,01URSU24.USH,14:40:00,USH,1,26,7.39,16,10.19151565,32.4,0.524,6.3,45.1,1.7,34
2024-05-31,2024,Summer,Upstream,01URSU24.USU,14:36:00,USU,1,29,7.39,16.1,10.07967688,331.6,0.752,12.3,45.7,1.6,30
2024-06-03,2024,Summer,Downstream,01DRSU24.DSR,13:20:00,DSR,1,27,7.33,20.5,9.124825351,NA,0.037,7.4,65.6,1.3,33
2024-06-03,2024,Summer,Downstream,01DRSU24.DFR,13:25:00,DFR,1,18,7.33,20.2,9.328349609,NA,0,7.7,65.5,1.7,32
2024-06-03,2024,Summer,Downstream,01DRSU24.DM,13:30:00,DM,1,26.5,7.33,20,9.374504602,685.6,0.064,7.9,64.4,1.7,34
2024-06-03,2024,Summer,Downstream,01DRSU24.DSH,13:35:00,DSH,1,14,7.27,20.3,9.380012598,NA,0.586,6.7,64.4,2,32
2024-06-03,2024,Summer,Downstream,01DRSU24.DSP,13:40:00,DSP,1,11.5,7.27,19.8,9.36029629,NA,0.627,6.6,65.7,2,30
2024-06-04,2024,Summer,Upstream,02URSU24.USR,13:13:00,USR,1,30.5,7.54,19.5,9.508788868,NA,0,12.3,70.5,1.7,39
2024-06-04,2024,Summer,Upstream,02URSU24.UFR,13:19:00,UFR,1,50,7.53,19.3,9.691953859,115.3,0.061,10.6,68,2,42
2024-06-04,2024,Summer,Upstream,02URSU24.UM,13:30:00,UM,1,14,7.55,19.6,9.782518045,1187.3,0.451,10.4,65.5,2.1,26
2024-06-04,2024,Summer,Upstream,02URSU24.USH,14:05:00,USH,1,21.5,7.52,19.8,9.47522814,NA,0.157,10,62.4,2.3,34
2024-06-04,2024,Summer,Upstream,02URSU24.USU,14:00:00,USU,1,25,7.52,19.8,9.634571304,NA,0.348,6.7,62.9,2.4,30
2024-06-05,2024,Summer,Downstream,02DRSU24.DSR,13:04:00,DSR,1,13,7.33,20.6,9.10813596,46.3,0.02,12.1,71,1,31
2024-06-05,2024,Summer,Downstream,02DRSU24.DFR,13:08:00,DFR,1,20,7.39,20.6,9.161090456,170.8,0.072,14,71.9,1.2,37
2024-06-05,2024,Summer,Downstream,02DRSU24.DM,13:30:00,DM,1,22,7.36,20.4,9.27,963.6,0.045,9.3,70.5,1.3,32
2024-06-05,2024,Summer,Downstream,02DRSU24.DSH,13:38:00,DSH,1,12,7.35,20.6,9.24630725,11.2,0.285,9.4,70.6,1.4,32
2024-06-05,2024,Summer,Downstream,02DRSU24.DSP,13:44:00,DSP,1,15,7.26,20,9.25,1251.5,0.389,8.2,71.3,1.5,35
2024-06-10,2024,Summer,Upstream,03URSU24.USR,13:10:00,USR,1,23.5,7.6,16.7,9.756152446,82.9,0,12.8,66.9,1,26
2024-06-10,2024,Summer,Upstream,03URSU24.UFR,13:19:00,UFR,1,34,7.62,16.6,9.802887704,74.9,0.191,6.7,63.7,1.2,27
2024-06-10,2024,Summer,Upstream,03URSU24.UM,13:29:00,UM,1,15,7.6,16.6,9.858182685,97.1,0.301,24.7,64.2,1.3,22
2024-06-10,2024,Summer,Upstream,03URSU24.USH,14:15:00,USH,1,27,7.59,16.6,9.857031772,15,0.249,9.2,59.9,1.3,29
2024-06-10,2024,Summer,Upstream,03URSU24.USU,14:11:00,USU,1,18,7.59,16.6,9.74999937,48.1,0.35,8.6,59,1.4,32
2024-06-12,2024,Summer,Downstream,03DRSU24.DSR,13:06:00,DSR,1,14.5,7.45,16.2,9.669356032,55.2,0,8.4,72,1.7,30
2024-06-12,2024,Summer,Downstream,03DRSU24.DFR,13:13:00,DFR,1,11,7.46,16.1,9.705173038,904.6,0.006,5.9,72.7,1.8,29
2024-06-12,2024,Summer,Downstream,03DRSU24.DM,13:20:00,DM,1,18.5,7.43,18,9.661830092,309.1,0.114,6.8,71.6,1.8,30
2024-06-12,2024,Summer,Downstream,03DRSU24.DSH,13:29:00,DSH,1,24,7.41,18.3,9.712344861,45.6,0.372,8.2,71.8,1.7,29
2024-06-12,2024,Summer,Downstream,03DRSU24.DSP,13:40:00,DSP,1,10.5,7.37,17.5,9.666502791,176.4,0.183,7.7,71.5,1.9,28
2024-09-18,2024,Fall,Upstream,01URFA24.USR,14:22:00,USR,1,28,8.3,17.7,10.682793,68.99670857,0.001179765,13.1,96,1.1,34
2024-09-18,2024,Fall,Upstream,01URFA24.UFR,14:26:00,UFR,1,22.5,8.28,17.7,10.59649391,63.26442812,7.77826e-4,8.6,92.1,1.3,34
2024-09-18,2024,Fall,Upstream,01URFA24.UM,14:29:00,UM,1,23,8.33,17.8,10.63458674,145.0012951,0.299799849,10,92.4,1.7,35
2024-09-18,2024,Fall,Upstream,01URFA24.USH,14:42:00,USH,1,20.8,8.27,18,10.43658009,68.71200189,0.149346328,9.8,84.9,2,33
2024-09-18,2024,Fall,Upstream,01URFA24.USU,14:40:00,USU,1,9.5,8.29,18,10.64580122,97.1696435,0.011084952,8.9,85.6,1.8,31
2024-09-19,2024,Fall,Downstream,01DRFA24.DSR,14:05:00,DSR,1,14.7,7.77,20.7,9.907369,32.82504,0,22.2,95.8,2.4,40
2024-09-19,2024,Fall,Downstream,01DRFA24.DFR,14:17:00,DFR,1,8.1,7.73,20.7,9.811621,50.81957,0.006485,15.3,93.9,2,39
2024-09-19,2024,Fall,Downstream,01DRFA24.DM,14:12:00,DM,1,15.3,7.75,20.7,9.807006,69.22611,0.003683,8.9,95.2,2.1,40
2024-09-19,2024,Fall,Downstream,01DRFA24.DSH,14:51:00,DSH,1,13,7.76,20.8,9.863324,10.01669,0.30426,10.5,95.2,2,37
2024-09-19,2024,Fall,Downstream,01DRFA24.DSP,14:46:00,DSP,1,16,7.79,20.7,9.975505,717.4416,0.41706,11.3,93.7,2,40
2024-09-23,2024,Fall,Upstream,02URFA24.USR,14:46:00,USR,1,26,8.24,16.2,10.72413605,72.44203149,0,10.8,96.2,1.3,33
2024-09-23,2024,Fall,Upstream,02URFA24.UFR,14:51:00,UFR,1,23,8.24,16.2,10.84116965,31.27400468,0.0241796,11,94.9,1.8,35
2024-09-23,2024,Fall,Upstream,02URFA24.UM,14:55:00,UM,1,19,8.25,16.3,10.74722138,117.0712848,0.33555319,11.2,92.5,2.3,35
2024-09-23,2024,Fall,Upstream,02URFA24.USH,15:08:00,USH,1,1.5,8.12,16.3,10.61167916,12.10311363,0.11413837,10.7,84.6,2.6,36
2024-09-23,2024,Fall,Upstream,02URFA24.USU,15:04:00,USU,1,14.5,8.2,16.2,10.72365748,37.73200803,0.01942704,16,86.3,2.6,35
2024-09-25,2024,Fall,Downstream,02DRFA24.DSR,13:44:00,DSR,1,20.7,7.68,16,10.28396892,8.527244,6.89e-5,15.1,95.4,1.6,38
2024-09-25,2024,Fall,Downstream,02DRFA24.DFR,13:54:00,DFR,1,8.9,7.66,16,10.2,28.6061836,3.5257e-4,11.2,94.4,2.9,36
2024-09-25,2024,Fall,Downstream,02DRFA24.DM,13:50:00,DM,1,14,7.65,16,10.22254568,23.09008342,2.61e-5,36.1,96.9,2,40
2024-09-25,2024,Fall,Downstream,02DRFA24.DSH,14:06:00,DSH,1,13.5,7.61,15.9,10.3,0.571766119,0.16580077,13,95.2,1.8,37
2024-09-25,2024,Fall,Downstream,02DRFA24.DSP,14:00:00,DSP,1,9,7.61,16,10.3,17.62855344,0.2736608,12.1,96.2,1.8,37
2025-02-11,2025,Winter,Downstream,01DRWI25.DRP.8,13:36:00,DRP,8,NA,7.47,0.2,15.72,NA,NA,NA,NA,NA,NA
2025-02-11,2025,Winter,Upstream,01URWI25.URP.1,11:50:00,URP,1,NA,7.11,0.4,15.53,NA,NA,NA,NA,NA,NA
2025-02-12,2025,Winter,Downstream,02DRWI25.DRP.8,11:36:00,DRP,8,NA,7.35,-0.1,14.65,NA,NA,NA,NA,NA,NA
2025-02-12,2025,Winter,Upstream,02URWI25.URP.1,11:00:00,URP,1,NA,7.33,0.2,14.91,NA,NA,NA,NA,NA,NA
2025-04-22,2025,Spring,Downstream,01DRSP25.DRP.16,13:51:00,DRP,16,52,7.3,11.5,11.32,NA,0.163,9.9,71.6,NA,NA
2025-04-23,2025,Spring,Upstream,01URSP25.URP.1,09:05:00,URP,1,59,7.25,11.1,11.47,NA,0.179,6,79.2,NA,NA
2025-04-24,2025,Spring,Downstream,02DRSP25.DRP.8,13:45:00,DRP,8,23,7.2,13.9,10.94,NA,0,6.4,69.3,NA,NA
2025-09-22,2025,Fall,Downstream,01DRFA25.DSQ.1,14:09:00,DSQ,1,14.1,7.96,17.4,10.36,NA,0,9.4,109.1,3.4,44
2025-09-22,2025,Fall,Downstream,01DRFA25.DSQ.2,15:05:00,DSQ,2,16,8,17.3,10.29,NA,0,16,104.2,7.4,44
2025-09-22,2025,Fall,Downstream,01DRFA25.DFQ.1,14:14:00,DFQ,1,10.7,7.89,17.4,10.49,NA,0.865,10.3,103.9,4,43
2025-09-22,2025,Fall,Downstream,01DRFA25.DFQ.2,15:01:00,DFQ,2,11.2,7.98,17.4,10.47,NA,0.454,10.7,103.4,6.1,42
2025-09-23,2025,Fall,Upstream,01URFA25.USQ.1,14:12:00,USQ,1,11.5,8.21,16.5,10.84,NA,0.004,5.8,95.5,4,42
2025-09-23,2025,Fall,Upstream,01URFA25.USQ.2,14:15:00,USQ,2,15.4,8.16,16.7,10.53,NA,0.032,9.3,98.35,5.4,42
2025-09-23,2025,Fall,Upstream,01URFA25.UFQ.1,14:18:00,UFQ,1,11.8,8.16,16.8,10.34,NA,0.263,6.1,98.35,2.6,41
2025-09-23,2025,Fall,Upstream,01URFA25.UFQ.2,14:21:00,UFQ,2,19,8.09,16.5,10.73,NA,0.157,7.7,99.3,7,41
2025-09-29,2025,Fall,Upstream,02URFA25.URP.1,14:30:00,URP,1,46,7.65,18.2,10.1,NA,0.002,6.6,98.2,0.9,35
2025-09-29,2025,Fall,Upstream,02URFA25.URP.2,14:30:00,URP,2,42.5,7.63,18.2,10.1,NA,0.006,7.8,97.3,1.2,41
2025-09-29,2025,Fall,Upstream,02URFA25.URP.4,14:30:00,URP,4,45,7.6,18.1,10.08,NA,0,8.9,98.5,1.4,39
2025-09-29,2025,Fall,Upstream,02URFA25.URP.5,14:30:00,URP,5,42.5,7.64,18.1,10.1,NA,0.006,7.5,98.8,1.5,39
2025-09-30,2025,Fall,Downstream,02DRFA25.DRP.13,12:20:00,DRP,13,37.5,7.46,18.1,9.85,NA,0.003,11.1,84.7,0.9,36
2025-09-30,2025,Fall,Downstream,02DRFA25.DRP.14,12:20:00,DRP,14,29,7.47,18.1,9.84,NA,0.001,8.9,85,1.2,40
2025-09-30,2025,Fall,Downstream,02DRFA25.DRP.15,12:20:00,DRP,15,26,7.47,18.1,9.83,NA,0.014,7.1,83.9,1.2,37
2025-09-30,2025,Fall,Downstream,02DRFA25.DRP.18,12:20:00,DRP,18,27,7.48,18.1,9.82,NA,0.035,6.4,83.6,1.4,38
